ID,offer_price,offer_size,offer_rooms,pref_max_price,pref_min_size,pref_min_rooms,img_url,Mietdauer
164299,450 €,55 m²,2,1.000€,80m²,3,https://www.tauschwohnung.com/uploads/housings/164299/medium/f3066824cfd9fb67d654cb77bd9bd373fb8a7289.jpg,
202858,800 €,74 m²,2,1.600€,90m²,3,https://www.tauschwohnung.com/uploads/housings/202858/medium/f757492f5b04968b8425ee2bbec0c4b6b65d8132.jpg,
187777,608 €,61 m²,"2,5",500€,30m²,1,https://www.tauschwohnung.com/uploads/housings/187777/medium/0e417bc5159a1d1ffad64bf78f56c0f9d89f704d.jpg,
193248,670 €,75 m²,2,1.300€,90m²,3,https://www.tauschwohnung.com/uploads/housings/193248/medium/48de0d6ed893561bbbed16350de714047b5263e7.jpg,
199967,1180 €,109 m²,3,700€,55m²,2,https://www.tauschwohnung.com/uploads/housings/199967/medium/9a72bc138832408923ec286be67f5754f47f80c6.jpg,
191788,514 €,65 m²,2,1.600€,85m²,"2,5",https://www.tauschwohnung.com/uploads/housings/191788/medium/29aefbbcb23e662ad745fdc494002bed757963f3.jpg,
196730,750 €,60 m²,2,1.000€,60m²,2,https://www.tauschwohnung.com/uploads/housings/196730/medium/16b1ea8f47d002c8ce26df1a8e5fedf635020f9d.jpg,
184443,980 €,110 m²,3,750€,50m²,2,https://www.tauschwohnung.com/uploads/housings/184443/medium/b14dc045393a1b818b26534e533e72f518257d7d.jpg,
170842,960 €,75 m²,3,1.500€,52m²,2,https://www.tauschwohnung.com/uploads/housings/170842/medium/6d5a2037c4a57c7bdccaad0afe25a94ef531da5a.jpg,
152485,802 €,67 m²,2,1.500€,50m²,"2,5",https://www.tauschwohnung.com/uploads/housings/152485/medium/63d66964f3228c7e7c0f89aed9ac042df3368149.jpg,
178759,360 €,36 m²,1,1.200€,58m²,2,https://www.tauschwohnung.com/uploads/housings/178759/medium/00a56eeffe4218fa9e86eca128606082ae39c36d.jpg,
190536,740 €,71 m²,2,2.000€,100m²,3,https://www.tauschwohnung.com/uploads/housings/190536/medium/803bb3916a2e2b3393d3a11cffff5f63eecbecfa.jpg,
169497,1450 €,105 m²,"2,5",1.600€,60m²,"2,5",https://www.tauschwohnung.com/uploads/housings/169497/medium/918ea55d270a8305062469801d7937a8237cdf5c.jpg,
163560,403 €,48 m²,2,1.400€,70m²,3,https://www.tauschwohnung.com/uploads/housings/163560/medium/80dc520c09b21a58e5d1523aa03de124c916cdf7.png,
191461,670 €,77 m²,"2,5",650€,35m²,1,https://www.tauschwohnung.com/uploads/housings/191461/medium/0996111b1103cf328563fcb660544eb2e1d23c27.jpg,
139611,930 €,75 m²,"2,5",2.000€,120m²,4,https://www.tauschwohnung.com/uploads/housings/139611/medium/c34371bb66c33294f6885d4920e277f88abc22bc.jpg,
188954,977 €,140 m²,3,1.500€,60m²,2,https://www.tauschwohnung.com/uploads/housings/188954/medium/a14d14fce7ae13826abacd5fddbb013ba20e0a57.jpg,
186104,400 €,53 m²,"1,5",1.600€,80m²,"3,5",https://www.tauschwohnung.com/uploads/housings/186104/medium/5bfc24e585014001ec2e95485dbbe68b17714400.jpg,
134006,413 €,55 m²,2,1.500€,95m²,"3,5",https://www.tauschwohnung.com/uploads/housings/134006/medium/617992bb566213ecefc7428aac52ff5570a827b6.jpg,
183795,500 €,80 m²,3,550€,65m²,"2,5",https://www.tauschwohnung.com/uploads/housings/183795/medium/05349230be96f4fee5fc8a8adc796880e2d4146a.jpg,
174445,720 €,60 m²,2,1.500€,75m²,2,https://www.tauschwohnung.com/uploads/housings/174445/medium/a9432ac9abe314e3dae41ade354f8c9b199d7803.jpg,
52050,1077 €,78 m²,"2,5",1.600€,95m²,"3,5",https://www.tauschwohnung.com/uploads/housings/52050/medium/a715597a5ab619b66fd011bab0519b47bfdcda7f.jpg,
173396,324 €,50 m²,2,750€,60m²,3,https://www.tauschwohnung.com/uploads/housings/173396/medium/abadc7cd247dbd390bd439c804556e3d597646d4.jpg,
158609,300 €,32 m²,1,1.400€,45m²,"1,5",https://www.tauschwohnung.com/uploads/housings/158609/medium/d8f62c3d180b3cb1d7919bed49a8c188f1f1e5e3.jpg,
150599,726 €,83 m²,3,1.350€,90m²,3,https://www.tauschwohnung.com/uploads/housings/150599/medium/fa476d0f85725d8e078d395e0fb5280b17aa4a98.jpg,
183156,1200 €,73 m²,2,1.350€,55m²,2,https://www.tauschwohnung.com/uploads/housings/183156/medium/9b70ef04fc7e5d9cc2504558a088ad72e61fab12.jpg,
183531,600 €,73 m²,2,1.000€,60m²,2,https://www.tauschwohnung.com/uploads/housings/183531/medium/aa55ebc8809a0db6e329b2f7ab3425f1ff84ffc7.jpg,
170238,412 €,56 m²,2,700€,1m²,2,https://www.tauschwohnung.com/uploads/housings/170238/medium/11f0d33d23d5a9bd352a0b4013ae9f7fa03794c3.jpg,
182836,2080 €,126 m²,4,1.500€,80m²,"2,5",https://www.tauschwohnung.com/uploads/housings/182836/medium/22f510be2dd93e35a914451e7658e4a46de488df.jpg,
172614,300 €,35 m²,1,900€,50m²,"1,5",https://www.tauschwohnung.com/uploads/housings/172614/medium/e31a7e53e0d33deb82bcb49db015f0c458413566.jpg,
180246,636 €,63 m²,3,1.500€,95m²,4,https://www.tauschwohnung.com/uploads/housings/180246/medium/650f63ca95bada21a81f65489bd4f7b348994ee1.jpg,
149482,945 €,109 m²,"3,5",550€,60m²,2,https://www.tauschwohnung.com/uploads/housings/149482/medium/4a1ec35f4d01c0277ba65310848c6c1dfdd8b303.jpg,
197884,746 €,59 m²,2,1.000€,70m²,3,https://www.tauschwohnung.com/uploads/housings/197884/medium/6f0bfdb5c04b8e202d71e4e522fe97e0cb50fd14.jpg,
183356,683 €,71 m²,2,650€,45m²,"1,5",https://www.tauschwohnung.com/uploads/housings/183356/medium/d4e3d252b0b8f5e3de25c9decd34b745e76a22a7.jpg,
198757,900 €,85 m²,2,2.700€,70m²,3,https://www.tauschwohnung.com/uploads/housings/198757/medium/1676f3e7f7537da57061ceaec232c6036006da1b.jpg,
23728,700 €,58 m²,2,1.400€,90m²,3,https://www.tauschwohnung.com/uploads/housings/23728/medium/867c7cc65eafc50e650e65a1742aeb5911428bb8.jpeg,
32979,781 €,57 m²,2,1.950€,75m²,3,https://www.tauschwohnung.com/uploads/housings/32979/medium/9c8d9f91dd723b69e995241f01c484f967ed35e0.jpg,
174262,760 €,58 m²,"2,5",1.000€,79m²,3,https://www.tauschwohnung.com/uploads/housings/174262/medium/8b9a6bbc86d9802253eeec3a9596b09403e66eb9.png,
139271,1540 €,103 m²,3,800€,45m²,2,https://www.tauschwohnung.com/uploads/housings/139271/medium/9d251f1c576f7c27df82e2c7d2e1587a2e0e6f01.jpg,
164339,950 €,69 m²,2,2.500€,90m²,3,https://www.tauschwohnung.com/uploads/housings/164339/medium/dd92d46c2667144362cb73e50df839d85bf6cae6.jpg,
191360,450 €,55 m²,2,1.500€,90m²,"3,5",https://www.tauschwohnung.com/uploads/housings/191360/medium/c40b0880f34da17f220c1ae6d61846167eeee6a5.jpg,
176560,3000 €,240 m²,6,3.000€,200m²,5,https://www.tauschwohnung.com/uploads/housings/176560/medium/9ee7e7e4b082318cf207ef1666a81ef07766c5e6.jpg,
179697,900 €,74 m²,3,10.000€,100m²,3,https://www.tauschwohnung.com/uploads/housings/179697/medium/3c263aad80da38a5c84bf2224679fce3de98bfab.jpg,
201072,1300 €,80 m²,2,2.000€,100m²,3,https://www.tauschwohnung.com/uploads/housings/201072/medium/5ebcb2a636c61ff3b35d1a19f93d7ac9a5cba070.jpg,
177112,593 €,81 m²,2,2.200€,80m²,3,https://www.tauschwohnung.com/uploads/housings/177112/medium/817e964a1c89c799250941d3123db09e5ae96c30.jpg,
137347,1800 €,95 m²,3,3.000€,120m²,4,https://www.tauschwohnung.com/uploads/housings/137347/medium/67ccf41e768d75b3393e8ccbb75d5f7bacc9c165.jpg,
138705,1072 €,107 m²,4,600€,70m²,3,https://www.tauschwohnung.com/uploads/housings/138705/medium/ee4ca970665bcae6664fdf79dfe8bfc97eba7875.jpg,
131154,1800 €,101 m²,"3,5",3.700€,90m²,"2,5",https://www.tauschwohnung.com/uploads/housings/131154/medium/c9e9edcbfab6b7c7a6aa1f5643dcb4a4261f93e8.jpg,
147327,358 €,55 m²,2,1.100€,65m²,"2,5",https://www.tauschwohnung.com/uploads/housings/147327/medium/f9ff783eccc6e540b975df2b93b205a8d6826403.jpg,
76310,736 €,61 m²,2,700€,50m²,"1,5",https://www.tauschwohnung.com/uploads/housings/76310/medium/af70ac0c2f1035141b058e9352b251d318167653.jpg,
141886,1190 €,103 m²,"3,5",1.900€,120m²,"4,5",https://www.tauschwohnung.com/uploads/housings/141886/medium/5c48e9ea6ed081aa750dc624722fe19554a19e8b.jpg,
108612,522 €,79 m²,2,700€,45m²,"1,5",https://www.tauschwohnung.com/uploads/housings/108612/medium/e86e488bce6c2f0564cee7f03c5a9e67c616756d.jpg,
154618,410 €,47 m²,2,1.000€,75m²,3,https://www.tauschwohnung.com/uploads/housings/154618/medium/4f402000410027ae17fb98431def5f2a859a5c87.jpg,
136058,1200 €,115 m²,"4,5",700€,50m²,2,https://www.tauschwohnung.com/uploads/housings/136058/medium/304a4a718b0f4834992b2eafb6672dc8ede5f01e.jpg,
42772,503 €,58 m²,"2,5",950€,75m²,3,https://www.tauschwohnung.com/uploads/housings/42772/medium/b32cfa1309c23e7a97f84d18452f17c8f1c90d18.jpg,
21522,433 €,68 m²,3,1.500€,90m²,4,https://www.tauschwohnung.com/uploads/housings/21522/medium/fdd142b9a1efd666c990356365e3eb5438498284.png,
179020,1242 €,74 m²,3,1.800€,60m²,3,https://www.tauschwohnung.com/uploads/housings/179020/medium/b90d03dc93deff66118dc2cf9a8cd0124258119f.jpg,
183404,600 €,60 m²,2,1.200€,70m²,2,https://www.tauschwohnung.com/uploads/housings/183404/medium/1e4eca2891f9039b5e1804e90f961bc61a3727a8.jpg,
136900,1000 €,86 m²,3,1.200€,80m²,3,https://www.tauschwohnung.com/uploads/housings/136900/medium/3ebf76b982846a39afb56a53c2914e39dbe3a597.jpg,
136848,524 €,50 m²,2,1.400€,60m²,"2,5",https://www.tauschwohnung.com/uploads/housings/136848/medium/c9458b2986114e3090e3021fe33ffb91de52c042.jpg,
125092,1850 €,109 m²,4,2.300€,130m²,5,https://www.tauschwohnung.com/uploads/housings/125092/medium/97850ee1715c0624f93c3e95ee317e63ce5b8166.jpg,
148429,600 €,45 m²,2,1.250€,55m²,2,https://www.tauschwohnung.com/uploads/housings/148429/medium/6b3ca52af06b3f4c3238caf04abe4b0154e91ab3.jpg,
81707,1200 €,70 m²,3,1.500€,90m²,3,https://www.tauschwohnung.com/uploads/housings/81707/medium/bb2372e7f4e993588c38af28cea2b8e6b36205bf.png,
82296,900 €,102 m²,4,3.500€,80m²,1,https://www.tauschwohnung.com/uploads/housings/82296/medium/818627e9384496b62fe49de994c255cc0b75a6b2.jpg,
196660,545 €,55 m²,2,800€,70m²,"2,5",https://www.tauschwohnung.com/uploads/housings/196660/medium/77ab39dac0955159f3a3e042f18e92644f4ffe21.jpg,
152535,1335 €,92 m²,4,1.700€,85m²,3,https://www.tauschwohnung.com/uploads/housings/152535/medium/0f3f15c710161491629f633de20815cb7db72284.jpg,
173546,380 €,61 m²,2,1.100€,80m²,3,https://www.tauschwohnung.com/uploads/housings/173546/medium/85db3092f21ae69ff19b8dca748c8bbefaf35187.jpg,
78661,700 €,58 m²,2,900€,58m²,2,https://www.tauschwohnung.com/uploads/housings/78661/medium/39b6afce4a80dda057751a24d79ac1ea729cc03a.jpg,
173766,472 €,97 m²,3,1.200€,90m²,4,https://www.tauschwohnung.com/uploads/housings/173766/medium/7dca4af032d1f21a2998eafc2c9a044548a8598f.jpg,
17559,620 €,83 m²,3,1.000€,85m²,3,https://www.tauschwohnung.com/uploads/housings/17559/medium/3925fea7ca0af0d49ff3532210a75259e388cde7.jpeg,
176906,595 €,55 m²,2,900€,55m²,2,https://www.tauschwohnung.com/uploads/housings/176906/medium/d0bdfd9979e40f4534283d323650f7e326253716.jpg,
63635,700 €,50 m²,2,1.600€,75m²,3,https://www.tauschwohnung.com/uploads/housings/63635/medium/19d24e850339ab3ea21c9669b3bdf0e757220ee2.jpg,
103022,410 €,50 m²,"2,5",1.400€,80m²,4,https://www.tauschwohnung.com/uploads/housings/103022/medium/0a4da9af1a27976942e0071f49b6e74531e98e6b.png,
18801,452 €,65 m²,2,1.800€,100m²,"3,5",https://www.tauschwohnung.com/uploads/housings/18801/medium/f59c1b46104c329355af5185780df95ec26c05c1.jpg,
161085,850 €,76 m²,3,1.800€,90m²,3,https://www.tauschwohnung.com/uploads/housings/161085/medium/4d1d90ab959e3038b477a36e877f30113aad35cf.jpg,
199433,1779 €,79 m²,"3,5",1.300€,55m²,"1,5",https://www.tauschwohnung.com/uploads/housings/199433/medium/3167be92b54011677596ea4b8fc413efdca65ae9.png,
36766,1100 €,88 m²,2,1.400€,95m²,3,https://www.tauschwohnung.com/uploads/housings/36766/medium/fb8c343b70b4b9369345d56cf697949833668d03.jpg,
124625,500 €,45 m²,1,750€,35m²,"1,5",https://www.tauschwohnung.com/uploads/housings/124625/medium/ab4953ebbe4561fe37b91189e309e7ce9e850922.jpg,
46032,840 €,110 m²,"4,5",600€,65m²,"1,5",https://www.tauschwohnung.com/uploads/housings/46032/medium/f287b11d676e15efcda44198d404f817ba880893.jpg,
133937,850 €,110 m²,3,800€,70m²,"2,5",https://www.tauschwohnung.com/uploads/housings/133937/medium/be34d5091f14ef72f41fac0fa48c646892de06df.jpg,
84651,1590 €,104 m²,4,900€,45m²,2,https://www.tauschwohnung.com/uploads/housings/84651/medium/1ac7f0905774386417e1cda616545cf040e7cbb5.png,
61967,800 €,100 m²,"3,5",700€,50m²,1,https://www.tauschwohnung.com/uploads/housings/61967/medium/dabdbfb76c20db35b641ba6a2d87a3d110e60aea.jpg,
144120,1 €,51 m²,2,1.700€,55m²,"2,5",https://www.tauschwohnung.com/uploads/housings/144120/medium/0b3c5fc3770ad3df56396a71ae2e9340952e980a.jpg,
164754,472 €,69 m²,"2,5",700€,70m²,3,https://www.tauschwohnung.com/uploads/housings/164754/medium/a63558b319fc6b269bd8bea114181024ab03092d.jpg,
77623,1150 €,105 m²,3,3.000€,110m²,4,https://www.tauschwohnung.com/uploads/housings/77623/medium/44625334e47c906c98b449bff13212a5ee1cb59a.jpg,
145084,1350 €,100 m²,3,800€,50m²,2,https://www.tauschwohnung.com/uploads/housings/145084/medium/0f053a42aaeb7ae719da523a027df9ee46c6ce77.jpg,
104391,1130 €,102 m²,3,1.300€,55m²,1,https://www.tauschwohnung.com/uploads/housings/104391/medium/5ec5cfd1ab5b486c8501a49f3f50ae12cee11b53.jpg,
176264,750 €,80 m²,3,540€,40m²,2,https://www.tauschwohnung.com/uploads/housings/176264/medium/e3b7c1e5d533b4de1c999f126cb15cf452fde68d.jpg,
174158,950 €,89 m²,2,1.500€,90m²,3,https://www.tauschwohnung.com/uploads/housings/174158/medium/dedc3f3c4b8267b9dc5af3d093fe576563c5a366.jpg,
23156,650 €,70 m²,2,2.000€,100m²,4,https://www.tauschwohnung.com/uploads/housings/23156/medium/c60f0089df535964ccb245293e252846e32664a1.png,
65948,830 €,71 m²,2,1.400€,90m²,3,https://www.tauschwohnung.com/uploads/housings/65948/medium/5eca371fd09ebe9aec3696ffc2c1ab5db84ee8ec.jpg,
170749,900 €,75 m²,2,1.600€,85m²,3,https://www.tauschwohnung.com/uploads/housings/170749/medium/7d7f5bf4f5fbe58e015bf952ca147a2a6a91dc33.jpg,
137594,1065 €,75 m²,3,1.800€,110m²,4,https://www.tauschwohnung.com/uploads/housings/137594/medium/196d0b97ba4b79a7d765432a6deb9447d9257fa2.jpg,
96141,726 €,62 m²,3,700€,50m²,2,https://www.tauschwohnung.com/uploads/housings/96141/medium/deda0f004a0c444eb336422966dff1b79283cab0.jpg,
201992,723 €,50 m²,2,1.200€,85m²,4,https://www.tauschwohnung.com/uploads/housings/201992/medium/bdb57d775002b8582268d1e8b521766de47ce6ec.jpg,
173358,470 €,57 m²,2,1.500€,5m²,1,https://www.tauschwohnung.com/uploads/housings/173358/medium/97d9a05c9ee81584540b786ee245d9d39fbd3017.jpg,
156746,512 €,56 m²,2,1.400€,60m²,2,https://www.tauschwohnung.com/uploads/housings/156746/medium/f0b70fadf7f6bd34aa242a3b1ff76fc060cb117e.jpg,
122808,565 €,82 m²,3,600€,65m²,3,https://www.tauschwohnung.com/uploads/housings/122808/medium/d324104ca5887034e6405b04814a95b8bbe9ccbd.jpg,
77114,300 €,65 m²,3,2.500€,90m²,4,https://www.tauschwohnung.com/uploads/housings/77114/medium/a2961b27e557ba86515c4aec08533a4ad757286d.png,
147440,1000 €,86 m²,3,600€,50m²,2,https://www.tauschwohnung.com/uploads/housings/147440/medium/eb7f8d52bbde5291763d91d903510f300176b39d.jpg,
141081,815 €,90 m²,"3,5",1.200€,110m²,4,https://www.tauschwohnung.com/uploads/housings/141081/medium/96b56c5a30fee8be4b8c73a187455232cfcafac3.jpg,
62584,1150 €,52 m²,2,1.500€,70m²,3,https://www.tauschwohnung.com/uploads/housings/62584/medium/60821b3a158187886ebf74f7550851d0772ccb1a.jpg,
189734,700 €,58 m²,2,850€,48m²,2,https://www.tauschwohnung.com/uploads/housings/189734/medium/020bd1744efe9077ccb4b2292bb46d8164aaae29.png,
100095,405 €,52 m²,2,550€,40m²,"1,5",https://www.tauschwohnung.com/uploads/housings/100095/medium/80d04de5498cbb0197606b3f1892f5a53866b7dc.jpg,
184514,592 €,71 m²,"2,5",1.500€,65m²,3,https://www.tauschwohnung.com/uploads/housings/184514/medium/dd252d206b9c5b81cf7f71dedd7a2fe726d04fb6.jpg,
133037,690 €,69 m²,2,2.400€,70m²,3,https://www.tauschwohnung.com/uploads/housings/133037/medium/a440c909607cf10b46b966ea9aed2ae8fb1e42c6.jpg,
158302,465 €,41 m²,1,1.300€,40m²,"1,5",https://www.tauschwohnung.com/uploads/housings/158302/medium/8294c6042e3811a4bf77db939569d9836b52ef74.jpg,
31915,999 €,84 m²,3,1.500€,100m²,4,https://www.tauschwohnung.com/uploads/housings/31915/medium/803a78181a0dec3cb15e505b272d549f22f5bea2.jpg,
66812,575 €,82 m²,3,1.000€,85m²,4,https://www.tauschwohnung.com/uploads/housings/66812/medium/bb47eb1a234038ea541ebf4b18c5c3ecca4cc400.jpg,
85333,550 €,63 m²,2,1.200€,90m²,3,https://www.tauschwohnung.com/uploads/housings/85333/medium/475c57ecbed52358a37ab5c1059f79570caa14a0.jpg,
36560,485 €,77 m²,3,1.800€,120m²,3,https://www.tauschwohnung.com/uploads/housings/36560/medium/9125562d4ba728c282bc3a7b74cd7704f6c0f8bf.jpg,
79004,625 €,62 m²,"2,5",900€,50m²,2,https://www.tauschwohnung.com/uploads/housings/79004/medium/7883f02d4ed2d07d85ca83eaee1faf812e12892a.jpg,
66332,600 €,69 m²,3,1.400€,85m²,3,https://www.tauschwohnung.com/uploads/housings/66332/medium/27eafb27386905236b8c6c881fcabd5f8d361f34.jpg,
111722,750 €,75 m²,2,1.500€,100m²,3,https://www.tauschwohnung.com/uploads/housings/111722/medium/3b31f93343e15318918e6b52852534f618dffd71.jpg,
9062,840 €,100 m²,3,1.300€,100m²,"4,5",https://www.tauschwohnung.com/uploads/housings/9062/medium/d1ed8338ab93196e5dbfb3ddbb8c1582e7b46cff.jpeg,
134976,1153 €,64 m²,"2,5",1.000€,50m²,2,https://www.tauschwohnung.com/uploads/housings/134976/medium/b88f20293969d60348a596182192ccc1cfc9dc1a.jpg,
3943,380 €,51 m²,3,1.400€,75m²,3,https://www.tauschwohnung.com/uploads/housings/3943/medium/98e01aef79eaa1e5cf7a74b800cd6f3056c7c96b.jpg,
183648,1721 €,115 m²,3,1.300€,60m²,2,https://www.tauschwohnung.com/uploads/housings/183648/medium/6fbd334d92122f01e29bda17940e24c68b6fed90.jpg,
177263,720 €,105 m²,3,600€,37m²,1,https://www.tauschwohnung.com/uploads/housings/177263/medium/7855a95bada2252ab843430e3569fa81161f2137.jpg,
61642,836 €,78 m²,"2,5",2.100€,85m²,3,https://www.tauschwohnung.com/uploads/housings/61642/medium/599df7c23fbefa21ce314893b5d3c57348d11523.jpg,
150201,420 €,57 m²,3,750€,70m²,"3,5",https://www.tauschwohnung.com/uploads/housings/150201/medium/23e5185103d56a2ab6338af694467cd20e4cbb4e.jpg,
197712,1400 €,85 m²,3,2.400€,95m²,4,https://www.tauschwohnung.com/uploads/housings/197712/medium/5bced0fb2e3e021b5b8132c2758a95005f3e65e9.jpg,
126817,1065 €,110 m²,3,3.500€,120m²,4,https://www.tauschwohnung.com/uploads/housings/126817/medium/a928d6e1946b4d784fd39f75af4afbcba0b82470.jpg,
181199,602 €,77 m²,3,2.000€,65m²,"3,5",https://www.tauschwohnung.com/uploads/housings/181199/medium/5c00a0cb03cb9afb071b2e3e90233876c90216c2.jpg,
77399,640 €,55 m²,2,1.100€,55m²,2,https://www.tauschwohnung.com/uploads/housings/77399/medium/b8cc4905c1ba3c91ef548dd3ce352fe3d3bf4fa4.jpg,
174840,850 €,57 m²,2,1.100€,90m²,"3,5",https://www.tauschwohnung.com/uploads/housings/174840/medium/135694dadf8fd4d6fe712ced77537c2ade593fdb.jpg,
144735,1400 €,140 m²,4,2.500€,90m²,"3,5",https://www.tauschwohnung.com/uploads/housings/144735/medium/6ca87209e7b924e8caeddea778a4ec10b7c7f793.jpg,
169785,989 €,91 m²,4,1.200€,100m²,4,https://www.tauschwohnung.com/uploads/housings/169785/medium/340b7bee1734fc6e69f348a3487bec04307cb81c.jpg,
30932,595 €,70 m²,3,800€,70m²,3,https://www.tauschwohnung.com/uploads/housings/30932/medium/378e7bb7d1d603255bec39df1cfff15f8227620d.jpg,
27332,598 €,68 m²,3,600€,65m²,2,https://www.tauschwohnung.com/uploads/housings/27332/medium/f097cd1906fc9acd87fc56166afd7db1ff8b98e0.jpeg,
201418,253 €,39 m²,1,600€,40m²,1,https://www.tauschwohnung.com/uploads/housings/201418/medium/3f7301e3059205cceebf54aef8d72ab74773bdf9.jpg,
202082,2570 €,135 m²,3,1.500€,40m²,"1,5",https://www.tauschwohnung.com/uploads/housings/202082/medium/d7977206eab921c2b40e3784a1e576b6cd6c5287.jpg,
38906,763 €,81 m²,3,1.600€,100m²,4,https://www.tauschwohnung.com/uploads/housings/38906/medium/6800c50b8f08d911e367fb319dddfc572d906131.jpeg,
196890,936 €,140 m²,"4,5",1.000€,80m²,"2,5",https://www.tauschwohnung.com/uploads/housings/196890/medium/3a4c0c6b4cf22473867dbee368bcec7b0dccaf22.jpg,
72302,1500 €,110 m²,3,2.000€,50m²,3,https://www.tauschwohnung.com/uploads/housings/72302/medium/1d3d62723c52fee6b645cbb24dfb4fc75f53182c.jpg,
49219,729 €,76 m²,3,1.100€,70m²,3,https://www.tauschwohnung.com/uploads/housings/49219/medium/caada4cb23fda9f58fc067d8b293415e3f26c0f5.jpg,
181159,568 €,87 m²,"3,5",1.800€,100m²,4,https://www.tauschwohnung.com/uploads/housings/181159/medium/fc9864ec0a30c3f6f8677b418aa9ebd71a2f9cb8.jpg,
31288,620 €,62 m²,2,1.050€,65m²,"2,5",https://www.tauschwohnung.com/uploads/housings/31288/medium/4b033f6a2c1dafe68a964e00779a0ecb1ce54452.jpg,
119070,476 €,70 m²,2,900€,70m²,3,https://www.tauschwohnung.com/uploads/housings/119070/medium/873beac53643aa9c8ecfb6891b0dd3f86bdf9023.jpg,
186790,800 €,83 m²,"3,5",2.000€,120m²,5,https://www.tauschwohnung.com/uploads/housings/186790/medium/a7af6cfa2e6f698041946f7e80424946a950bdca.jpg,
79757,596 €,51 m²,2,650€,45m²,2,https://www.tauschwohnung.com/uploads/housings/79757/medium/3211e5e41acfabc10c8bd8d925f30119e44ddad0.jpg,
195626,1300 €,118 m²,"5,5",1.500€,75m²,3,https://www.tauschwohnung.com/uploads/housings/195626/medium/70e7d24f3dbc6f477f5a0e40270db99c843b8363.jpg,
176820,652 €,75 m²,3,1.500€,95m²,4,https://www.tauschwohnung.com/uploads/housings/176820/medium/e533efbc5ec49fa283cd14fc9aecd03d953eae26.jpg,
46814,993 €,98 m²,3,1.500€,90m²,4,https://www.tauschwohnung.com/uploads/housings/46814/medium/9228caadbc8e7922969601be287843a1ba65319c.jpg,
30560,750 €,86 m²,"2,5",1.000€,85m²,3,https://www.tauschwohnung.com/uploads/housings/30560/medium/5d6c843b20c91ccc2435a00c2a81e7d5e34a6f5d.jpg,
29536,946 €,92 m²,3,2.000€,90m²,4,https://www.tauschwohnung.com/uploads/housings/29536/medium/804e0378c5c2139e2d8e10c81209464c36281953.jpeg,
60676,700 €,53 m²,2,1.800€,90m²,"3,5",https://www.tauschwohnung.com/uploads/housings/60676/medium/dd5ab546e2394851949aa9a336829084ae58aaec.jpg,befristet bis 16.04.2027
141659,520 €,65 m²,2,1.100€,80m²,3,https://www.tauschwohnung.com/uploads/housings/141659/medium/7476f9703e6cca08b66f3877824de205e1e9f379.jpg,
56772,840 €,90 m²,"3,5",1.700€,90m²,"3,5",https://www.tauschwohnung.com/uploads/housings/56772/medium/9031aa394f76deab54e5a437fa3c37d755aebc3e.jpg,
192682,2200 €,123 m²,"3,5",10.000€,80m²,3,https://www.tauschwohnung.com/uploads/housings/192682/medium/41b0b312ce254b9aacaa1eb3e6342cf2edd43db0.png,
91180,845 €,90 m²,4,1.000€,60m²,"3,5",https://www.tauschwohnung.com/uploads/housings/91180/medium/97b10408175b39690051373ba6c47f7d866effdf.jpg,
135248,600 €,74 m²,2,1.000€,90m²,"2,5",https://www.tauschwohnung.com/uploads/housings/135248/medium/f6af044303ea59f0480413dfce14a91dfa76a2e1.jpg,
148943,297 €,51 m²,2,1.000€,75m²,3,https://www.tauschwohnung.com/uploads/housings/148943/medium/13df7b672ba0e07c2b75bd7a085013cba51ef2eb.jpg,
173011,950 €,80 m²,"3,5",1.900€,80m²,"3,5",https://www.tauschwohnung.com/uploads/housings/173011/medium/d3e65209ed11aa76fbcba790d641025da5958012.jpg,
50581,582 €,78 m²,3,2.000€,45m²,2,https://www.tauschwohnung.com/uploads/housings/50581/medium/7d7d1e6c57984421c113feda4ffc327c31bfc24a.jpg,
176458,781 €,51 m²,2,650€,40m²,1,https://www.tauschwohnung.com/uploads/housings/176458/medium/66519c1f6cb9d24664f7353a955401937130af81.jpg,
172571,950 €,77 m²,3,1.400€,65m²,"2,5",https://www.tauschwohnung.com/uploads/housings/172571/medium/273ae2c365090273aa23b15179f95aa2f3471ed1.jpg,
167416,450 €,68 m²,3,1.300€,60m²,2,https://www.tauschwohnung.com/uploads/housings/167416/medium/0ededefd9a4cb256e75485d1985a02432ab91751.jpg,
121685,1500 €,114 m²,4,2.000€,95m²,4,https://www.tauschwohnung.com/uploads/housings/121685/medium/ce6d41277a960a04c10fa300860ff9b81002779a.jpg,
39167,840 €,65 m²,2,1.200€,75m²,3,https://www.tauschwohnung.com/uploads/housings/39167/medium/f5956261a4bcc626f574ba144c686c189ae41688.jpg,
36020,1060 €,120 m²,3,700€,70m²,2,https://www.tauschwohnung.com/uploads/housings/36020/medium/d562033823b3cee4e7d51da8daeffcdc4f137425.jpg,
55753,695 €,74 m²,2,800€,65m²,2,https://www.tauschwohnung.com/uploads/housings/55753/medium/e41d3930cb09e281fdca8716b3179cbae28e2468.jpg,
203107,527 €,70 m²,3,1.000€,50m²,2,https://www.tauschwohnung.com/uploads/housings/203107/medium/b02d7e5f1712ddaa0921a7aea22e4ac70ef5a107.jpg,
88277,425 €,54 m²,2,1.200€,60m²,3,https://www.tauschwohnung.com/uploads/housings/88277/medium/9ded6247e5ad5abf485ca7453df9a0d166471a84.jpg,
183391,760 €,80 m²,3,1.200€,90m²,4,https://www.tauschwohnung.com/uploads/housings/183391/medium/01686ee5ef765c854b4b35b2f5660533e1d00b2a.jpg,
88802,808 €,95 m²,3,2.000€,130m²,4,https://www.tauschwohnung.com/uploads/housings/88802/medium/03e1135fc0e2693b173c8887fd4e9996fc8867b2.jpg,
82070,900 €,80 m²,2,2.000€,100m²,3,https://www.tauschwohnung.com/uploads/housings/82070/medium/5ecb790f6ab218135bfd854b13ab73279b02cd00.jpg,
159756,900 €,94 m²,4,850€,40m²,1,https://www.tauschwohnung.com/uploads/housings/159756/medium/0bdf9d65fde74a63588f7666638e82cdaa241222.jpg,
33021,1250 €,82 m²,3,800€,60m²,2,https://www.tauschwohnung.com/uploads/housings/33021/medium/e35b75a3cf21e411ac374adb71fb506db837cb9b.jpeg,
48651,880 €,106 m²,"3,5",1.000€,74m²,4,https://www.tauschwohnung.com/uploads/housings/48651/medium/41e2cbff51ff2cc346ad151cc05fb3cf06617c95.jpg,
196529,900 €,75 m²,3,1.500€,60m²,2,https://www.tauschwohnung.com/uploads/housings/196529/medium/8c78f64b5734c3da6573d24381ab6c7aa607870f.png,
192818,1550 €,81 m²,3,1.900€,63m²,2,https://www.tauschwohnung.com/uploads/housings/192818/medium/1fa9a0ecce0049f649c01f365d0d35560ab15568.jpg,
196538,670 €,75 m²,"2,5",2.000€,20m²,1,https://www.tauschwohnung.com/uploads/housings/196538/medium/6e91ea1e9f8096e66c7de53fbc599e6de743b317.jpg,
174909,890 €,90 m²,3,1.400€,80m²,"3,5",https://www.tauschwohnung.com/uploads/housings/174909/medium/a5d40017b8341bd115505f6abedc2a10748a4b76.jpg,
201661,1530 €,100 m²,4,1.200€,70m²,3,https://www.tauschwohnung.com/uploads/housings/201661/medium/705ea8a93c282f1cd4565b7c6d6deb82bc6f1c2c.png,
122068,620 €,69 m²,"2,5",1.000€,100m²,4,https://www.tauschwohnung.com/uploads/housings/122068/medium/fe2a9f347396b85575168253db3a7ed84207e079.jpg,
167378,650 €,74 m²,3,500€,45m²,"1,5",https://www.tauschwohnung.com/uploads/housings/167378/medium/279c9132eb076aa6137baa723f4301197653b396.jpg,
66606,1000 €,90 m²,3,2.700€,110m²,"3,5",https://www.tauschwohnung.com/uploads/housings/66606/medium/72d15f7f343ae66db0e3a6b774967fd3973ab6d1.jpg,
150992,1478 €,97 m²,3,1.500€,45m²,2,https://www.tauschwohnung.com/uploads/housings/150992/medium/ec469881a9cc1ef2c991b3fb4586c6bda2c0236f.jpg,
174521,460 €,49 m²,2,2.000€,79m²,3,https://www.tauschwohnung.com/uploads/housings/174521/medium/d6b1eaa7a31b3ea9963ccdc7be386524f3e07656.jpg,
101099,1627 €,85 m²,3,1.700€,75m²,3,https://www.tauschwohnung.com/uploads/housings/101099/medium/316af7c0d7efd7a08aec68ef27cd99c9347aff19.jpg,
170489,1650 €,128 m²,6,1.400€,69m²,"2,5",https://www.tauschwohnung.com/uploads/housings/170489/medium/42b7b9ff526113e7c5289c03139969a1022bbcfc.jpg,
179442,708 €,60 m²,2,1.600€,50m²,3,https://www.tauschwohnung.com/uploads/housings/179442/medium/95442cdf39e9497c4b1f96a6caf3cbc1441abdd5.jpg,
199486,415 €,42 m²,"1,5",600€,45m²,"1,5",https://www.tauschwohnung.com/uploads/housings/199486/medium/7223db7c1accb18d828fcdf10b4cd65dbc01d661.jpg,
70987,559 €,86 m²,"2,5",1.500€,100m²,4,https://www.tauschwohnung.com/uploads/housings/70987/medium/861e77b4b8985af4711bb4e98f3ef2e13b78c344.jpg,
160641,682 €,65 m²,2,1.750€,90m²,3,https://www.tauschwohnung.com/uploads/housings/160641/medium/1b6c0377f6c5fde7402e35e7f6be140ce64b078c.jpg,
117501,340 €,40 m²,1,1.000€,55m²,1,https://www.tauschwohnung.com/uploads/housings/117501/medium/97816ef7f92b5cb68414f72bae0f87412345fbae.jpg,
140897,500 €,67 m²,"2,5",1.200€,77m²,3,https://www.tauschwohnung.com/uploads/housings/140897/medium/348bbf44bc7ea7fbeae8529773f6a9393e50455a.jpg,
151916,900 €,75 m²,3,750€,55m²,1,https://www.tauschwohnung.com/uploads/housings/151916/medium/8084a12dcb2921ef44d1f02d20403fc0d0d9bda1.jpg,
194571,878 €,65 m²,3,700€,30m²,1,https://www.tauschwohnung.com/uploads/housings/194571/medium/3d39c96c804060e856d26d9f29f53cb0a8529650.jpg,
169996,848 €,63 m²,2,1.100€,65m²,3,https://www.tauschwohnung.com/uploads/housings/169996/medium/d479deccbf6d5858277c51bbf96a99a93d8a3711.jpg,
154323,680 €,86 m²,3,1.200€,85m²,3,https://www.tauschwohnung.com/uploads/housings/154323/medium/240eed354f176c2cbd1e5e1b1fbee4674df38644.jpg,
43039,500 €,70 m²,"3,5",1.000€,60m²,2,https://www.tauschwohnung.com/uploads/housings/43039/medium/ca943cd399c8e2335afe575b1c5c5ce4cbbcb8b4.jpg,
189423,546 €,55 m²,2,1.300€,70m²,3,https://www.tauschwohnung.com/uploads/housings/189423/medium/c0feb1c03d381b99a72ccc78c9c30f4c5fba373a.jpg,
186472,780 €,80 m²,2,1.800€,75m²,3,https://www.tauschwohnung.com/uploads/housings/186472/medium/8f2f1de767d297c96784a4e33983d3ac996aff84.jpg,
181882,950 €,85 m²,3,1.300€,75m²,3,https://www.tauschwohnung.com/uploads/housings/181882/medium/63e38e0ce095a99a2a72b95e2e1d16a19710cd93.jpg,
38314,439 €,55 m²,2,800€,67m²,"2,5",https://www.tauschwohnung.com/uploads/housings/38314/medium/35f8f09689ba8fab316f6f32fca25f84629e20bb.jpg,
199493,616 €,83 m²,4,500€,50m²,2,https://www.tauschwohnung.com/uploads/housings/199493/medium/1ae86b1d2a3e07892f6bdaebf7e401113c6fc54a.jpg,
179551,1100 €,78 m²,2,2.000€,87m²,3,https://www.tauschwohnung.com/uploads/housings/179551/medium/79a4dfef3bbc2e27b77e3ef23ac1030ae7ce2696.jpg,
77146,490 €,56 m²,1,1.100€,75m²,2,https://www.tauschwohnung.com/uploads/housings/77146/medium/4c255d7cb9ffb631f9f8b558ffa886a0259dc478.jpg,
35327,820 €,96 m²,3,1.600€,85m²,3,https://www.tauschwohnung.com/uploads/housings/35327/medium/a2caf093dfc287f3cdec0df2339b58c7b8731f87.jpg,
180224,969 €,76 m²,3,1.500€,75m²,"2,5",https://www.tauschwohnung.com/uploads/housings/180224/medium/5bf231ecde78c47546821d6fcca39b81f48285d7.jpg,
190032,370 €,50 m²,2,800€,65m²,"3,5",https://www.tauschwohnung.com/uploads/housings/190032/medium/6795c0d002a7a854e7cf588ff8fe7673d6a55391.jpg,
177588,370 €,55 m²,2,550€,40m²,1,https://www.tauschwohnung.com/uploads/housings/177588/medium/206412c2804a3795cd7f21f946f41b42327c2564.jpg,
180842,1200 €,93 m²,3,2.000€,90m²,3,https://www.tauschwohnung.com/uploads/housings/180842/medium/7bc42e6be2226ce94880d5753d6c33674a147f77.jpg,
197331,680 €,45 m²,1,1.200€,60m²,2,https://www.tauschwohnung.com/uploads/housings/197331/medium/e2bcd836c1b032b2b8c8059cda575ed3fcb7bcc6.jpg,
80188,475 €,67 m²,"2,5",1.350€,90m²,"3,5",https://www.tauschwohnung.com/uploads/housings/80188/medium/6b9b12bab4907fa34b613aedf5f0c9d9baca7a83.jpg,
184158,1099 €,90 m²,3,2.000€,100m²,5,https://www.tauschwohnung.com/uploads/housings/184158/medium/3e136b71f220b0dda9d7225b66b6c5f8a4cc8832.jpg,
177162,418 €,55 m²,2,1.500€,80m²,3,https://www.tauschwohnung.com/uploads/housings/177162/medium/07defc474f39a963835b410274e6ad754dca457f.jpg,
145940,690 €,50 m²,2,1.200€,45m²,2,https://www.tauschwohnung.com/uploads/housings/145940/medium/8f36a10343d8cf52ae1d962c2b5f753bfc3d2892.jpg,
172578,1200 €,102 m²,"3,5",1.200€,60m²,2,https://www.tauschwohnung.com/uploads/housings/172578/medium/bbd0f91bac6d5e0faeab40045d221a28fafb6134.jpg,
186259,1000 €,85 m²,"2,5",800€,40m²,2,https://www.tauschwohnung.com/uploads/housings/186259/medium/2310a16af0905cc99707719e69e4996a7d4f4fbc.jpg,
29186,850 €,72 m²,3,1.500€,100m²,4,https://www.tauschwohnung.com/uploads/housings/29186/medium/9c4ec4fed8d1eae11eb38791f3f95b2c0658b224.jpg,
189736,412 €,49 m²,"1,5",450€,35m²,1,https://www.tauschwohnung.com/uploads/housings/189736/medium/61e8a7031a56b43ae8cd024b038f4fc0edd9026d.jpg,
193950,717 €,98 m²,3,600€,30m²,"1,5",https://www.tauschwohnung.com/uploads/housings/193950/medium/29e8e927c5eb70905700fc1f0c14f75a0c3e1824.jpg,
172471,1900 €,144 m²,5,1.000€,55m²,2,https://www.tauschwohnung.com/uploads/housings/172471/medium/8b16e25d77ff4aff269d642d4bd7e20e3e09302a.jpg,
81431,500 €,59 m²,2,1.700€,85m²,3,https://www.tauschwohnung.com/uploads/housings/81431/medium/dcba56fd85ab3631b600f9b3705b90a181cbe353.jpg,
191178,715 €,84 m²,3,800€,50m²,2,https://www.tauschwohnung.com/uploads/housings/191178/medium/9fdf1f9a1df6e2467dede2e8eac3fa095f667c3b.jpg,
134674,450 €,55 m²,2,1.500€,90m²,3,https://www.tauschwohnung.com/uploads/housings/134674/medium/f9f5e7af04275ce4d6c302ba15e60118b1798f63.jpg,
72680,1400 €,80 m²,"3,5",1.500€,90m²,4,https://www.tauschwohnung.com/uploads/housings/72680/medium/5268b6f237a0152ab8eb23ac55866d5b3dc275b4.png,
183635,340 €,48 m²,2,1.300€,65m²,3,https://www.tauschwohnung.com/uploads/housings/183635/medium/537c10ddad03215d1816881bb01b745991f45ab8.jpg,
154610,686 €,49 m²,2,2.000€,80m²,"2,5",https://www.tauschwohnung.com/uploads/housings/154610/medium/4cda16ed43baedc67a6ee9cbbefd9bf78495a0ad.jpg,
5795,900 €,75 m²,3,800€,45m²,2,https://www.tauschwohnung.com/uploads/housings/5795/medium/aa7171dd21cf6ab82f0f45fe1f3025ff37c048cf.jpg,
37834,600 €,50 m²,2,1.900€,100m²,4,https://www.tauschwohnung.com/uploads/housings/37834/medium/5a6b1fc486ff715330b1b767353bf0cdc6d4d3a2.jpeg,
55559,798 €,60 m²,2,2.050€,80m²,3,https://www.tauschwohnung.com/uploads/housings/55559/medium/e2ba1dc93c4ee45ccaaf1d994eadd8572aab7937.jpg,
125458,945 €,150 m²,4,10.000€,5m²,1,https://www.tauschwohnung.com/uploads/housings/125458/medium/724b9e41c38d9ae27bb4934dd89d4dc32c0d0969.jpg,
160258,380 €,60 m²,2,1.500€,70m²,3,https://www.tauschwohnung.com/uploads/housings/160258/medium/e228361fa3dd93171dd020b2116fc6bb77086cdf.jpg,
191018,830 €,110 m²,5,600€,58m²,"2,5",https://www.tauschwohnung.com/uploads/housings/191018/medium/da7e2bc9be2173783d4741a06009c12cd0169e5c.jpg,
68432,950 €,80 m²,3,1.600€,85m²,4,https://www.tauschwohnung.com/uploads/housings/68432/medium/99ba4d973f1818ebeec0590894e9c4fcf8854616.jpg,
111850,1200 €,63 m²,2,800€,30m²,1,https://www.tauschwohnung.com/uploads/housings/111850/medium/4bdd8c26a3a135b0030053d562449489c0bd2325.jpg,
162403,500 €,40 m²,2,900€,45m²,1,https://www.tauschwohnung.com/uploads/housings/162403/medium/9ff150e717488f0fc23166e5825a89b0f226cdc7.jpg,
200067,847 €,83 m²,3,1.600€,100m²,4,https://www.tauschwohnung.com/uploads/housings/200067/medium/e9043679b219c7a1b65267d46e14730974661562.jpg,
156325,520 €,62 m²,2,1.600€,60m²,2,https://www.tauschwohnung.com/uploads/housings/156325/medium/5c449a5c24bde6398df16a21daad776896ccdb32.jpg,
184172,800 €,55 m²,2,1.500€,70m²,"3,5",https://www.tauschwohnung.com/uploads/housings/184172/medium/5ed46690fdd74ec67c2b51cb4f94e0e7c1140960.jpg,
159590,1102 €,71 m²,3,1.500€,60m²,2,https://www.tauschwohnung.com/uploads/housings/159590/medium/a54a5b673643ce3c7912235544ba390b5d7bdd51.png,
194963,1450 €,78 m²,"3,5",2.000€,105m²,"2,5",https://www.tauschwohnung.com/uploads/housings/194963/medium/8a70fb3d88adf2f008c76c3f9f27c250f8563bc4.jpg,
29269,700 €,100 m²,"3,5",1.300€,90m²,3,https://www.tauschwohnung.com/uploads/housings/29269/medium/372ac0351b4a4b9da2918d563ca455ba731f3dfc.jpg,
195164,1294 €,93 m²,4,850€,40m²,1,https://www.tauschwohnung.com/uploads/housings/195164/medium/6c5e01f05fcd9e493bd781df813f1bf73ca486c6.jpg,befristet bis 18.07.2026
36637,395 €,58 m²,2,1.250€,65m²,"2,5",https://www.tauschwohnung.com/uploads/housings/36637/medium/cfcac9e3561a6649d6538312596a3faf5d1d112d.jpeg,
105442,550 €,60 m²,2,2.200€,100m²,4,https://www.tauschwohnung.com/uploads/housings/105442/medium/9132650b5b38af69450b5dbd760730f7c3f7a477.jpg,
162061,550 €,70 m²,2,1.000€,70m²,3,https://www.tauschwohnung.com/uploads/housings/162061/medium/9ecd2a4ebcce8d6745970b8e6df56d827708da3a.jpg,
131838,497 €,58 m²,2,1.600€,90m²,3,https://www.tauschwohnung.com/uploads/housings/131838/medium/b3464d3d9d65ed50fa0e56fcce2b0de7cf5c4aa2.jpg,
23231,499 €,70 m²,2,1.100€,80m²,3,https://www.tauschwohnung.com/uploads/housings/23231/medium/fc6b178675ca9720e95e733b59790ab9e90f3a71.jpg,
199375,533 €,38 m²,2,1.600€,50m²,1,https://www.tauschwohnung.com/uploads/housings/199375/medium/21044de7f31a3e0f4f4c700b8fa21768855eb928.jpg,
185985,630 €,65 m²,2,2.000€,80m²,3,https://www.tauschwohnung.com/uploads/housings/185985/medium/84a056b94e12455d754341540fdb728361df0e7a.jpg,
202106,460 €,71 m²,3,500€,60m²,2,https://www.tauschwohnung.com/uploads/housings/202106/medium/a198a4e79d4659b27c72a1e4efdadecefe5ad6ea.jpg,
91338,958 €,65 m²,2,1.200€,45m²,"1,5",https://www.tauschwohnung.com/uploads/housings/91338/medium/f9fddc9d0f67c09683a4cc9503421a288ecfc53b.jpg,
107265,504 €,60 m²,2,1.700€,55m²,2,https://www.tauschwohnung.com/uploads/housings/107265/medium/835969019cb757f6f1c2212b90ce65597acca8b5.jpg,
43648,900 €,90 m²,3,1.500€,80m²,2,https://www.tauschwohnung.com/uploads/housings/43648/medium/44820c12b23323218df35d863b37af119d2f27cc.jpg,
109440,948 €,96 m²,3,800€,60m²,1,https://www.tauschwohnung.com/uploads/housings/109440/medium/2cf3962d7635678bf6b3a84f330983a02d034a40.jpg,
199954,316 €,40 m²,1,1.200€,55m²,2,https://www.tauschwohnung.com/uploads/housings/199954/medium/14a4e77e741dbad8c39d2f39395dbbfabf57c323.jpg,
40150,695 €,81 m²,2,1.100€,80m²,2,https://www.tauschwohnung.com/uploads/housings/40150/medium/34c2ba4558696e42ee0b46e76337eda02293610d.jpg,
70180,560 €,69 m²,3,800€,80m²,"3,5",https://www.tauschwohnung.com/uploads/housings/70180/medium/3930b63a4abca4e20b78200024c52493f7b33fe7.jpg,
89669,1309 €,138 m²,3,1.200€,90m²,3,https://www.tauschwohnung.com/uploads/housings/89669/medium/76e20bd5654e6b382ef584b6b50b2e903d7c02ee.jpg,
175682,670 €,67 m²,3,2.000€,90m²,4,https://www.tauschwohnung.com/uploads/housings/175682/medium/fc9595a9116bdffb4f42ff9dca9e15b8b2c59b9e.jpg,
115054,415 €,54 m²,2,800€,47m²,"1,5",https://www.tauschwohnung.com/uploads/housings/115054/medium/cfe1c2dc5e0c881f4a7fff51c2563e9033006d52.jpg,
54337,620 €,119 m²,4,1.200€,80m²,3,https://www.tauschwohnung.com/uploads/housings/54337/medium/fe0c9c7647cce36dcd047e98a07ba2d90a6d19b0.jpg,
196462,480 €,60 m²,2,2.000€,75m²,3,https://www.tauschwohnung.com/uploads/housings/196462/medium/46a611b8dce7a2d8ad00e7d8a06039cf7a253350.jpg,
112532,1329 €,119 m²,"3,5",800€,60m²,2,https://www.tauschwohnung.com/uploads/housings/112532/medium/231c8ff7eec196c6b7171e6f20254c1cce4eea33.jpg,
84059,1890 €,118 m²,4,1.500€,60m²,3,https://www.tauschwohnung.com/uploads/housings/84059/medium/bd9cd7cefe0eef1336555b2d12acb06006d881a4.jpg,
179457,556 €,72 m²,"2,5",900€,85m²,3,https://www.tauschwohnung.com/uploads/housings/179457/medium/48e00c109bceb9a3db21440a13d41109785435e8.jpg,
24289,755 €,93 m²,3,nicht angegeben,1m²,2,https://www.tauschwohnung.com/uploads/housings/24289/medium/23fbcf67442214aedc5e1a5a13d0fd29a365b5f6.jpg,
171412,1350 €,170 m²,5,1.000€,85m²,"3,5",https://www.tauschwohnung.com/uploads/housings/171412/medium/f229adfdec2d0538aab2630f7cd3ee93f14a3d0d.jpg,
196328,1575 €,135 m²,4,3.000€,130m²,5,https://www.tauschwohnung.com/uploads/housings/196328/medium/606c0705e1292fdb0a98b444a75e554dfc7593d2.jpg,
187434,860 €,72 m²,3,1.000€,80m²,3,https://www.tauschwohnung.com/uploads/housings/187434/medium/b574c1cbd74d6f72a165ab3582ac6168f6c49542.jpg,
192791,500 €,50 m²,2,500€,40m²,1,https://www.tauschwohnung.com/uploads/housings/192791/medium/62477bdb12f1480817d6956463d535d8fc587086.jpg,
70244,514 €,53 m²,2,1.600€,75m²,3,https://www.tauschwohnung.com/uploads/housings/70244/medium/e6bfb99a3eb690012e311b18bcca34e373a07f09.jpg,
199227,652 €,77 m²,2,1.900€,90m²,3,https://www.tauschwohnung.com/uploads/housings/199227/medium/5182f12e7843d189c0f51700348c567195691ca9.jpg,
74628,500 €,64 m²,"2,5",900€,90m²,3,https://www.tauschwohnung.com/uploads/housings/74628/medium/03cec522c3d663cc5c9f521e687b960f359cb157.jpg,
6891,580 €,49 m²,2,700€,60m²,"2,5",https://www.tauschwohnung.com/uploads/housings/6891/medium/8c9845751929bfaef859bdcf974a4ac89ae1a98c.jpg,
63437,715 €,83 m²,2,1.100€,75m²,"2,5",https://www.tauschwohnung.com/uploads/housings/63437/medium/da418cf94e754683af6dcde7dfe95df407bb4fa0.jpg,
201553,813 €,48 m²,2,800€,45m²,2,https://www.tauschwohnung.com/uploads/housings/201553/medium/b6d024c81c6989e1ca848396e70f17929631cd73.jpg,
139722,926 €,78 m²,3,10.000€,50m²,2,https://www.tauschwohnung.com/uploads/housings/139722/medium/95e333c2e42fe8114e23b4a20b3dc11e57bad2eb.jpg,
57553,1202 €,120 m²,"4,5",800€,70m²,3,https://www.tauschwohnung.com/uploads/housings/57553/medium/c0c367d55933d53ccf7b7b8147faa055b2dcb26c.jpg,
169225,620 €,55 m²,"2,5",1.100€,60m²,2,https://www.tauschwohnung.com/uploads/housings/169225/medium/e4b95f656bf017820bd2f2fac3bd0ee32b249506.jpg,
183895,750 €,95 m²,4,1.200€,85m²,3,https://www.tauschwohnung.com/uploads/housings/183895/medium/354f97d0b3aa413191b76e48cfea8199ab84ef1a.jpg,
145856,1300 €,78 m²,3,1.600€,80m²,3,https://www.tauschwohnung.com/uploads/housings/145856/medium/133214758f51c3c9ec92702058458e500a6f959f.jpg,
170804,1650 €,167 m²,5,1.100€,90m²,3,https://www.tauschwohnung.com/uploads/housings/170804/medium/57e91171da40e554902101f854ceca4e912f2a43.jpg,
132091,366 €,42 m²,1,1.700€,80m²,3,https://www.tauschwohnung.com/uploads/housings/132091/medium/ba795dce21473fb2d249049270e680e3bad96f6a.jpg,
166408,1537 €,84 m²,3,1.000€,60m²,2,https://www.tauschwohnung.com/uploads/housings/166408/medium/6e6cb9dd12e941bcfa60dbce35ce22019bda4072.jpg,
186706,1089 €,50 m²,2,1.800€,80m²,3,https://www.tauschwohnung.com/uploads/housings/186706/medium/b7b1ae0affb41c58f7dde4574c09d78977686587.jpg,
153933,885 €,80 m²,"3,5",2.500€,100m²,4,https://www.tauschwohnung.com/uploads/housings/153933/medium/4e8c62eebf8bbcc2a4136b1fc98bd6dbe14794e6.jpg,
186326,590 €,56 m²,1,1.800€,75m²,2,https://www.tauschwohnung.com/uploads/housings/186326/medium/c6863260d926495f251c9020ca30817674227105.jpg,
175320,925 €,89 m²,3,850€,80m²,3,https://www.tauschwohnung.com/uploads/housings/175320/medium/fb72fca254789df246c75257f8819b28411f90c4.jpg,befristet bis 01.08.2026
137097,1500 €,138 m²,5,1.400€,70m²,3,https://www.tauschwohnung.com/uploads/housings/137097/medium/45b41c057b638f9d34fe63057a4b07861e20bc1f.jpg,
170674,348 €,44 m²,1,1.000€,30m²,1,https://www.tauschwohnung.com/uploads/housings/170674/medium/faedb3d5749d06ff0923b9d4e2be45c9ee2de60b.jpg,
198277,2450 €,96 m²,3,2.450€,93m²,4,https://www.tauschwohnung.com/uploads/housings/198277/medium/142c147de1e9348ba74f522adf2459501a1f366f.jpg,befristet bis 31.07.2025
56919,720 €,77 m²,2,1.000€,75m²,"2,5",https://www.tauschwohnung.com/uploads/housings/56919/medium/008c7572e6a170d7c969f787d03e48f59106b8ed.jpg,
172077,770 €,47 m²,2,1.200€,50m²,2,https://www.tauschwohnung.com/uploads/housings/172077/medium/5b51d267fd9690df113cb33deb997f979b2f66aa.jpg,
169584,1 €,100 m²,"2,5",2.000€,120m²,4,https://www.tauschwohnung.com/uploads/housings/169584/medium/5044195e5acd6fbc74e3ed433bad12a4503d26f1.jpg,
183973,2200 €,123 m²,4,2.000€,70m²,3,https://www.tauschwohnung.com/uploads/housings/183973/medium/9118bd8501a08a516d4f7c00492da30c8e8c84c3.jpg,
165223,450 €,48 m²,2,900€,60m²,2,https://www.tauschwohnung.com/uploads/housings/165223/medium/9fe3c4800e8e1a8749162159ecbc2ba39fcfefc3.jpg,
181427,385 €,35 m²,1,1.200€,40m²,1,https://www.tauschwohnung.com/uploads/housings/181427/medium/f6752e1962fb27e4fc510bb9db4aa49d036d6b42.jpg,
184672,613 €,80 m²,2,1.100€,80m²,4,https://www.tauschwohnung.com/uploads/housings/184672/medium/67bfff2d5e57e3ea485efe8425eb511f0d6b543f.jpg,
174510,900 €,93 m²,3,2.000€,100m²,3,https://www.tauschwohnung.com/uploads/housings/174510/medium/74113d9143a1b5766115d4a82899ad30dfa61ec0.jpg,
173701,1143 €,117 m²,3,1.000€,70m²,2,https://www.tauschwohnung.com/uploads/housings/173701/medium/2a8541a26f6cadb26c4693b0ffa90ef24ce8344e.jpg,
192803,760 €,60 m²,2,2.200€,60m²,"2,5",https://www.tauschwohnung.com/uploads/housings/192803/medium/51e392453d7f4a866d33fc170d2bee815a9fbc39.jpg,
60804,400 €,58 m²,2,500€,50m²,"1,5",https://www.tauschwohnung.com/uploads/housings/60804/medium/7e27205327005b1026db192ddd7987ed41e49b19.jpg,
120687,530 €,54 m²,2,1.006€,60m²,"2,5",https://www.tauschwohnung.com/uploads/housings/120687/medium/9aa7f3af5851e3fde62162cb59e66b4162c15d09.jpg,
116179,825 €,62 m²,"2,5",1.400€,50m²,1,https://www.tauschwohnung.com/uploads/housings/116179/medium/f3efaf30761f5a74cdf6124220d4040b4a470081.jpg,
166227,385 €,30 m²,1,536€,20m²,1,https://www.tauschwohnung.com/uploads/housings/166227/medium/55615039f8a84899b9a73ebe6ab76c6378326304.jpg,
197637,713 €,32 m²,1,1.000€,40m²,1,https://www.tauschwohnung.com/uploads/housings/197637/medium/9ad5c1e31dc7107ad6c767a03fffa97b9056dcd8.jpg,
37307,1200 €,100 m²,"3,5",3.000€,120m²,4,https://www.tauschwohnung.com/uploads/housings/37307/medium/4c95510d4893c02b7a8ab1a686fe496b9431a6a7.jpeg,
202609,694 €,67 m²,3,1.200€,80m²,4,https://www.tauschwohnung.com/uploads/housings/202609/medium/501888816a0be17ea604dda3512ac1ad4d46de2e.jpg,
47808,554 €,56 m²,2,900€,69m²,"2,5",https://www.tauschwohnung.com/uploads/housings/47808/medium/bc071188911d6b874389ed74adf66821303a7beb.jpg,
68021,1560 €,102 m²,"3,5",1.700€,100m²,4,https://www.tauschwohnung.com/uploads/housings/68021/medium/f93ab2af55174e39e62a584fd9e0f5a3dc9169b5.jpg,
126809,714 €,66 m²,2,1.100€,60m²,2,https://www.tauschwohnung.com/uploads/housings/126809/medium/af01160e51a625988d735a29d582b4335bf9dc5f.jpg,
48624,580 €,60 m²,2,1.000€,75m²,3,https://www.tauschwohnung.com/uploads/housings/48624/medium/0a80d1a98ea7eca5adc75899f99d0f8545844483.jpg,
180947,550 €,45 m²,1,1.100€,40m²,2,https://www.tauschwohnung.com/uploads/housings/180947/medium/7f873b1d5a2ff6b59fd28ecc64b32688133cf402.jpg,
200255,2160 €,95 m²,4,1.700€,75m²,3,https://www.tauschwohnung.com/uploads/housings/200255/medium/66c9cdec16536f750a4e0d79afc63c170799074c.jpg,
199790,810 €,127 m²,5,600€,60m²,1,https://www.tauschwohnung.com/uploads/housings/199790/medium/fd7d7552e50f05ce6175aefd2354fd897f177b56.jpg,
185525,1050 €,64 m²,2,700€,45m²,1,https://www.tauschwohnung.com/uploads/housings/185525/medium/e7fc2185207f6b068cdd1690ede0cdeb9cb07ca3.jpg,
159763,1140 €,90 m²,3,1.800€,90m²,3,https://www.tauschwohnung.com/uploads/housings/159763/medium/060e445eac7c3b230971739435c5d46eaafaffbc.jpg,
199786,1450 €,134 m²,5,800€,40m²,"1,5",https://www.tauschwohnung.com/uploads/housings/199786/medium/79d859bb4e91c64ba44e834c0075f5c061224251.jpg,
194389,772 €,76 m²,2,580€,45m²,2,https://www.tauschwohnung.com/uploads/housings/194389/medium/ce0143d960389df73b5fc7d7fb99c99bd9de0847.jpg,
149000,370 €,60 m²,2,1.500€,100m²,4,https://www.tauschwohnung.com/uploads/housings/149000/medium/54c1673e6e816728f38218a914dfb35ef2e1d5bc.png,
82006,1500 €,130 m²,4,2.000€,100m²,4,https://www.tauschwohnung.com/uploads/housings/82006/medium/24cd6ca90d757ebe1e7d65c528ea5929e931f65f.jpg,
149528,1000 €,70 m²,3,800€,50m²,1,https://www.tauschwohnung.com/uploads/housings/149528/medium/d8a10031adf4976591b058bef5cc2d736890ce8a.jpg,
36875,610 €,80 m²,2,1.400€,80m²,3,https://www.tauschwohnung.com/uploads/housings/36875/medium/2e7f82d854741df2375a280fbafef53a43f99eb9.jpg,
196167,700 €,59 m²,"2,5",1.400€,70m²,3,https://www.tauschwohnung.com/uploads/housings/196167/medium/f8da97b4b24dc80f9ce0e49932ad280732859e84.jpg,
44810,480 €,60 m²,2,1.800€,90m²,3,https://www.tauschwohnung.com/uploads/housings/44810/medium/a1052a2a152a4cadcd67c681c87e50520e241fa1.jpg,
64366,500 €,75 m²,"3,5",1.500€,100m²,4,https://www.tauschwohnung.com/uploads/housings/64366/medium/afab82cffdd1d1dd5a41362590d9028c3b072eff.png,
77172,580 €,86 m²,3,1.200€,80m²,"3,5",https://www.tauschwohnung.com/uploads/housings/77172/medium/c0ebe43ed32199d5ffffc191112d66bfc5895043.jpg,
33292,583 €,54 m²,2,2.000€,60m²,"2,5",https://www.tauschwohnung.com/uploads/housings/33292/medium/9ca9e7c10bbdafee54401fbd96b58144c0a0a7ab.jpg,
74879,900 €,77 m²,3,1.200€,70m²,3,https://www.tauschwohnung.com/uploads/housings/74879/medium/496ef206b5c702b98b6af822d01e28f34dd020ae.jpg,
196074,890 €,68 m²,"2,5",1.600€,100m²,"2,5",https://www.tauschwohnung.com/uploads/housings/196074/medium/03319c27bbf981313eaf5f727db642597d1c2659.jpg,
31819,850 €,54 m²,2,1.600€,50m²,"2,5",https://www.tauschwohnung.com/uploads/housings/31819/medium/24bc7a822edc3444d5c4fdfac265484c9d931750.jpeg,
64009,550 €,80 m²,4,1.500€,110m²,"4,5",https://www.tauschwohnung.com/uploads/housings/64009/medium/dad04801345c4a8c50a13e3ded3b2b43effb835a.jpg,
62192,600 €,45 m²,1,1.500€,65m²,2,https://www.tauschwohnung.com/uploads/housings/62192/medium/111092f0e80be58ad810a41ee8709bb95c67f1a3.jpg,
36859,467 €,67 m²,"2,5",1.200€,90m²,4,https://www.tauschwohnung.com/uploads/housings/36859/medium/d5102bad2673627c714a7316c47bed864d6c012d.jpg,
178899,950 €,105 m²,3,690€,50m²,3,https://www.tauschwohnung.com/uploads/housings/178899/medium/b650b8d004651303ebbb3853467534f571dea168.jpg,
201872,650 €,54 m²,2,1.000€,75m²,3,https://www.tauschwohnung.com/uploads/housings/201872/medium/eb6f63f0aa512226279ebd4234919e054f6242a6.jpg,
8422,380 €,90 m²,"2,5",800€,75m²,"2,5",https://www.tauschwohnung.com/uploads/housings/8422/medium/2d172f2b352263064259fe34f89bd13e60575683.jpg,
53702,395 €,55 m²,2,1.300€,70m²,3,https://www.tauschwohnung.com/uploads/housings/53702/medium/142ddb6bebc77f9ee6baa5a99eaadf68e0de88e4.jpg,
191954,1612 €,150 m²,4,1.300€,49m²,2,https://www.tauschwohnung.com/uploads/housings/191954/medium/8974ddc36199fde3d680f12670fb8a53eb47198f.jpg,
145568,311 €,50 m²,2,1.300€,65m²,2,https://www.tauschwohnung.com/uploads/housings/145568/medium/62218f84ed7496131ebdbcc78b45c7a07f59188d.jpg,
59640,764 €,103 m²,3,2.100€,100m²,4,https://www.tauschwohnung.com/uploads/housings/59640/medium/599bdc766cb634ba3d3ad2d5e7693054e9f9cb52.jpg,
133251,435 €,43 m²,1,2.000€,60m²,2,https://www.tauschwohnung.com/uploads/housings/133251/medium/7ce1e7527461fee33fa2949f71fc96e045cfa71c.jpg,
190831,600 €,66 m²,2,1.200€,70m²,3,https://www.tauschwohnung.com/uploads/housings/190831/medium/406e200745add9b8d1ae7d03cc0ddf68e128d766.jpg,
196994,350 €,33 m²,1,650€,40m²,"1,5",https://www.tauschwohnung.com/uploads/housings/196994/medium/761c90e67baa2de1f147c96febeb4a5d977caf14.jpg,
92016,708 €,56 m²,2,2.000€,68m²,"2,5",https://www.tauschwohnung.com/uploads/housings/92016/medium/1bcda845080045535a031e358b4a84a54f221f6f.jpg,
190040,399 €,68 m²,2,700€,55m²,2,https://www.tauschwohnung.com/uploads/housings/190040/medium/e804d61628d9e9a7c1d36dcf6c3069f5e3e37f66.jpg,
40813,370 €,43 m²,"1,5",600€,60m²,"2,5",https://www.tauschwohnung.com/uploads/housings/40813/medium/e91e3e2f861c0d5b743cc02bad80379f653a845c.jpeg,
155586,335 €,55 m²,3,1.000€,85m²,3,https://www.tauschwohnung.com/uploads/housings/155586/medium/09c786f1fa3714d856a78389127a4a778a254c16.jpg,
183629,1160 €,85 m²,"2,5",2.000€,64m²,2,https://www.tauschwohnung.com/uploads/housings/183629/medium/af337a5ea67625ecc2d207d980b422eda14db9a5.jpg,
176536,1800 €,105 m²,4,2.000€,90m²,3,https://www.tauschwohnung.com/uploads/housings/176536/medium/bedf28fcb6d08bfa6195f09a6d44859e355592ee.jpg,
74512,420 €,52 m²,2,900€,70m²,2,https://www.tauschwohnung.com/uploads/housings/74512/medium/56174eb722dc405120a5f9f8f1932fb992c282e1.jpg,
117582,682 €,65 m²,2,1.500€,3m²,3,https://www.tauschwohnung.com/uploads/housings/117582/medium/b6bae9f5ef8f70501153e6e29cc07909c72ef923.jpg,
183972,450 €,40 m²,1,1.800€,50m²,2,https://www.tauschwohnung.com/uploads/housings/183972/medium/2fe4bb60829897114c703735180062244f4894c1.jpg,
102839,600 €,60 m²,2,1.500€,90m²,3,https://www.tauschwohnung.com/uploads/housings/102839/medium/0567210bf7c4a7e4f29eb4dc3bb1441fb6d5adad.jpg,
172072,1250 €,100 m²,3,950€,60m²,2,https://www.tauschwohnung.com/uploads/housings/172072/medium/77c142915ab074301fb13f432c7a28a0832f975c.jpg,
188330,570 €,65 m²,2,1.200€,40m²,2,https://www.tauschwohnung.com/uploads/housings/188330/medium/684445df8416ebfc93752064f4c19a8c9f136107.jpg,
190620,358 €,72 m²,3,800€,85m²,4,https://www.tauschwohnung.com/uploads/housings/190620/medium/6a89f5aa64b0160c6ce84ab60bfa02873bfdad07.jpg,
200945,465 €,67 m²,2,1.000€,85m²,3,https://www.tauschwohnung.com/uploads/housings/200945/medium/02ef0d2336a6dd2234c28fbf75d38a02ef22daff.jpg,
197433,1050 €,75 m²,2,1.800€,50m²,1,https://www.tauschwohnung.com/uploads/housings/197433/medium/3f4fcb6c2dc9b92550ef6729c460d14ed066f516.jpg,
200695,372 €,52 m²,2,700€,60m²,"2,5",https://www.tauschwohnung.com/uploads/housings/200695/medium/f4c6a13d6fe71a1f5edd9498442eb5446d1f57ac.jpg,
192328,1927 €,135 m²,"4,5",1.500€,75m²,"2,5",https://www.tauschwohnung.com/uploads/housings/192328/medium/ced07fcc3c23eca622c7199c3c89b95770cc2301.jpg,
176175,370 €,40 m²,1,950€,65m²,"2,5",https://www.tauschwohnung.com/uploads/housings/176175/medium/5fe854d124834674b5bf44914fdefcfad3f72090.jpg,
71650,801 €,71 m²,2,1.950€,80m²,3,https://www.tauschwohnung.com/uploads/housings/71650/medium/3526720c297ef3ed2d5d573e8ab7d278d2c3f2d4.jpg,
174265,1051 €,130 m²,4,1.100€,65m²,3,https://www.tauschwohnung.com/uploads/housings/174265/medium/870876b7ef38828213bb97062021446867053e23.jpg,
154993,610 €,56 m²,2,1.500€,70m²,3,https://www.tauschwohnung.com/uploads/housings/154993/medium/dbd84844287ceb79dbb4ca0c6810e23090eedf8c.png,
158518,500 €,60 m²,2,2.000€,70m²,3,https://www.tauschwohnung.com/uploads/housings/158518/medium/9e33cdc003608009057769b0ef72cc79360c5a93.jpg,
185798,720 €,74 m²,2,1.300€,85m²,3,https://www.tauschwohnung.com/uploads/housings/185798/medium/dfad0f92ae984d336e63ccb174c56c2980f1fe49.jpg,
182234,650 €,73 m²,"2,5",1.500€,80m²,"2,5",https://www.tauschwohnung.com/uploads/housings/182234/medium/19108ba02a778a6341e45295ee1271b20cb485de.jpg,
147839,604 €,82 m²,3,500€,45m²,2,https://www.tauschwohnung.com/uploads/housings/147839/medium/387e027bf5c335731ce84e1bb4d792fa7d71d208.jpg,
165999,405 €,67 m²,2,1.000€,67m²,"2,5",https://www.tauschwohnung.com/uploads/housings/165999/medium/ab694eb52e9ea678c53454c32bdd0166c4db0168.jpg,
24779,1400 €,94 m²,4,1.400€,68m²,2,https://www.tauschwohnung.com/uploads/housings/24779/medium/709e21cbbca26a03b3b817e3e70904d19ed37fe3.jpg,
180329,2180 €,99 m²,3,1.200€,65m²,2,https://www.tauschwohnung.com/uploads/housings/180329/medium/eef55c57f74e6372158615d4bd1f6701c26129e7.jpg,
53878,950 €,62 m²,"2,5",2.100€,85m²,"3,5",https://www.tauschwohnung.com/uploads/housings/53878/medium/ccf9cfd1b855f4c9dedc37b7ed910fd2ea50851b.jpg,
55625,570 €,75 m²,"3,5",1.200€,90m²,"3,5",https://www.tauschwohnung.com/uploads/housings/55625/medium/ac1af3feb2fb96abf4480af65e9c1102c466b334.jpg,
93752,1155 €,80 m²,3,1.800€,95m²,4,https://www.tauschwohnung.com/uploads/housings/93752/medium/b8f552f114aec2dfc75d5a1e73fe537310addd7f.jpg,
150239,560 €,71 m²,2,1.350€,70m²,"2,5",https://www.tauschwohnung.com/uploads/housings/150239/medium/ef6bb43dd9788c4708665ed0fa632bf661d2ad3d.jpg,
192707,700 €,95 m²,3,2.200€,90m²,4,https://www.tauschwohnung.com/uploads/housings/192707/medium/c988a8daeccf8d48dc12d1608e616b79f49c91e4.jpg,
169559,521 €,80 m²,3,1.700€,90m²,4,https://www.tauschwohnung.com/uploads/housings/169559/medium/1cf76f9f70dede09ac8cec38b12d3cbcedc1305d.jpg,
44432,652 €,96 m²,"3,5",600€,45m²,2,https://www.tauschwohnung.com/uploads/housings/44432/medium/23d7a7966f3c650aab9b818e60b26c60d209ef48.jpg,
135957,550 €,60 m²,2,1.100€,80m²,3,https://www.tauschwohnung.com/uploads/housings/135957/medium/69cf9a0c4d184061d1ea36fd4716dadf22e4669a.jpg,
146839,1200 €,70 m²,3,1.100€,70m²,"2,5",https://www.tauschwohnung.com/uploads/housings/146839/medium/61d0c772b08a1e870cd55e1764c811306365e89d.jpg,
127143,790 €,60 m²,2,1.250€,50m²,"1,5",https://www.tauschwohnung.com/uploads/housings/127143/medium/f0fc4fa6a7273e7b6eb7d1b13d53c4598e3423e0.jpg,
159074,440 €,73 m²,2,1.200€,75m²,3,https://www.tauschwohnung.com/uploads/housings/159074/medium/4ce15db4e3d3e373da50c765e56dc87824c0fe53.jpg,
88430,800 €,69 m²,2,1.050€,75m²,3,https://www.tauschwohnung.com/uploads/housings/88430/medium/ffc5ed87144eedc2d0ee0dd2440e2050f7668d8f.jpg,
80172,1305 €,150 m²,4,1.100€,80m²,3,https://www.tauschwohnung.com/uploads/housings/80172/medium/fba1d891520dafc40993b12ecb254a231eba389a.jpg,
25518,450 €,67 m²,3,1.500€,80m²,"3,5",https://www.tauschwohnung.com/uploads/housings/25518/medium/f982a1299c9c15b838893d548d39426c986cf3e3.jpg,
55740,650 €,40 m²,2,1.200€,55m²,2,https://www.tauschwohnung.com/uploads/housings/55740/medium/567d2dee83e0da7663df11990ba2db308618902d.jpg,
188725,805 €,70 m²,2,1.300€,70m²,2,https://www.tauschwohnung.com/uploads/housings/188725/medium/cab5ce1d6eb4b6c92da0bfddf85cab5209bc67f7.jpg,
139104,1300 €,68 m²,3,2.200€,100m²,4,https://www.tauschwohnung.com/uploads/housings/139104/medium/6f8152c3affe8a95fa6c2f81ac32b65619514223.jpg,
123194,1200 €,80 m²,3,1.700€,100m²,5,https://www.tauschwohnung.com/uploads/housings/123194/medium/b063e2da0ed25541ad17f63b8c1607db4ec286ed.jpg,
176818,422 €,45 m²,2,1.500€,65m²,2,https://www.tauschwohnung.com/uploads/housings/176818/medium/4080d301371de50444e0a9b4a8f0ab0ddd5b6d43.jpg,
100938,580 €,67 m²,3,1.500€,80m²,3,https://www.tauschwohnung.com/uploads/housings/100938/medium/ea8c4ffdc83ae60b8d833853d3956a51bf39460e.jpg,
149725,1000 €,75 m²,2,1.380€,75m²,"2,5",https://www.tauschwohnung.com/uploads/housings/149725/medium/1259319d3db982bc719f72d1052c66e77515caaa.jpg,
196815,730 €,64 m²,"3,5",1.000€,60m²,3,https://www.tauschwohnung.com/uploads/housings/196815/medium/d314521dfbf779f81f63b031acd8e658c1103815.jpg,
48989,1554 €,94 m²,3,1.100€,70m²,2,https://www.tauschwohnung.com/uploads/housings/48989/medium/cf78b38ccfd658d5c1d65c8699c6393b3c60cb13.png,
116157,352 €,65 m²,2,1.800€,80m²,"3,5",https://www.tauschwohnung.com/uploads/housings/116157/medium/a0c98219d518bee2aa93acb049e9c9fb52677896.jpg,
179394,733 €,66 m²,3,1.600€,85m²,"2,5",https://www.tauschwohnung.com/uploads/housings/179394/medium/f7b9802ed7490a64c5de2dcf3f572af365d297fe.jpg,
173717,1000 €,80 m²,3,600€,40m²,"1,5",https://www.tauschwohnung.com/uploads/housings/173717/medium/e937b6ac8e1f94c630516ec5424e069b003c9edd.jpg,
179361,900 €,55 m²,2,2.000€,60m²,3,https://www.tauschwohnung.com/uploads/housings/179361/medium/3914aa5ba7a05d3f943074dc5271a802f409bda4.jpg,
196574,680 €,72 m²,"2,5",900€,65m²,"2,5",https://www.tauschwohnung.com/uploads/housings/196574/medium/3d0fb67e7e0d69e958c9d2ba81dd29fac81d466d.jpg,
201691,395 €,35 m²,1,1.300€,60m²,"2,5",https://www.tauschwohnung.com/uploads/housings/201691/medium/2393ca3e72f41745b50e907d3178dd849688206b.jpg,
132514,600 €,70 m²,2,1.300€,90m²,"3,5",https://www.tauschwohnung.com/uploads/housings/132514/medium/4f36d0fd15d8bbc59853ac5ed87ec2d82f8fd939.jpg,
159612,388 €,60 m²,2,600€,70m²,"2,5",https://www.tauschwohnung.com/uploads/housings/159612/medium/e6fc2b4b3f7090785645e7ba22f819926e7789a2.jpg,
41210,560 €,65 m²,2,1.500€,75m²,3,https://www.tauschwohnung.com/uploads/housings/41210/medium/32ed4828248fd35e95f307f4c1b5d6341d5e6db9.jpg,
120442,500 €,71 m²,2,1.300€,75m²,3,https://www.tauschwohnung.com/uploads/housings/120442/medium/778593e6c22bbe074d1931a42c4c83427136d65c.jpg,
165126,560 €,60 m²,2,1.000€,70m²,"3,5",https://www.tauschwohnung.com/uploads/housings/165126/medium/9f3517eb5b2a508ae9c0bc23037485ba1a76cb02.jpg,
38103,900 €,57 m²,2,1.500€,80m²,"3,5",https://www.tauschwohnung.com/uploads/housings/38103/medium/c34db4d022c09289b87ea99d819496b77ab26e1d.jpg,
199940,671 €,69 m²,3,700€,50m²,2,https://www.tauschwohnung.com/uploads/housings/199940/medium/9b5f1468ba9f2f155ee2375035c17952cf4a4ebb.jpg,
51607,794 €,55 m²,2,1.500€,50m²,2,https://www.tauschwohnung.com/uploads/housings/51607/medium/5a31771de2f3b726ab887f955762eabb9046207a.jpg,
195810,681 €,54 m²,2,1.800€,65m²,3,https://www.tauschwohnung.com/uploads/housings/195810/medium/ee30e62648fbd4dbd0312416e035ff770e544ecb.jpg,
111559,450 €,66 m²,2,800€,65m²,3,https://www.tauschwohnung.com/uploads/housings/111559/medium/7a313a387a41bb1ed73794447ba320fa314889d3.jpg,
179037,575 €,76 m²,3,800€,40m²,"1,5",https://www.tauschwohnung.com/uploads/housings/179037/medium/7569b10ea25ec3562b4f5ea94f82e7e61004f6e7.jpg,
92630,740 €,62 m²,2,2.500€,90m²,3,https://www.tauschwohnung.com/uploads/housings/92630/medium/a991c114d24e5bc98fa5dbd231d7841455acdaa2.jpg,
137284,990 €,73 m²,3,1.000€,80m²,3,https://www.tauschwohnung.com/uploads/housings/137284/medium/49aec9f76c5776ed0ad6ae36e28cffa41a3a4cbd.jpg,
184732,890 €,74 m²,"2,5",1.300€,74m²,3,https://www.tauschwohnung.com/uploads/housings/184732/medium/1ced78e9bc2607184740fb05c42070a4f5779d51.jpg,
176113,660 €,55 m²,2,1.200€,75m²,"2,5",https://www.tauschwohnung.com/uploads/housings/176113/medium/c92a830deafc559b1eaa27565682c8029d701bdd.jpg,
45539,580 €,58 m²,2,800€,35m²,1,https://www.tauschwohnung.com/uploads/housings/45539/medium/320dc59f9246fab8479db953b09d22a061c5d211.jpg,
152985,340 €,60 m²,3,1.500€,80m²,"3,5",https://www.tauschwohnung.com/uploads/housings/152985/medium/d46f7d0a192721e78dd9a642163b3cff0c3e7afc.jpg,
160957,770 €,55 m²,"2,5",1.900€,85m²,3,https://www.tauschwohnung.com/uploads/housings/160957/medium/15e8937b6afad203fbb27562e90b1f03c22a56bf.jpg,
197034,500 €,67 m²,2,1.500€,100m²,3,https://www.tauschwohnung.com/uploads/housings/197034/medium/d1d8c9096e14da3b622cf80c2748165617d16ffc.jpg,
183508,670 €,56 m²,2,900€,55m²,3,https://www.tauschwohnung.com/uploads/housings/183508/medium/2d3297eedb772cd436ab7f63b3fc313ebe7b3530.jpg,
181217,645 €,55 m²,2,1.900€,65m²,"2,5",https://www.tauschwohnung.com/uploads/housings/181217/medium/026c98841e46cb3409734ea1b538e211b7b61c78.jpg,
120644,775 €,85 m²,3,1.500€,110m²,4,https://www.tauschwohnung.com/uploads/housings/120644/medium/7e519d3507eea90b35b8c60160ca299aab9647d5.jpg,
175334,1250 €,90 m²,3,2.000€,120m²,4,https://www.tauschwohnung.com/uploads/housings/175334/medium/bd1c9f3ec7ea7267bfe4db1e2b00e1984575441e.png,
192033,557 €,52 m²,2,300€,20m²,1,https://www.tauschwohnung.com/uploads/housings/192033/medium/0fb1132d75df158b7a69384ef474f2c17d09bde7.jpg,
186712,1800 €,103 m²,3,1.500€,55m²,2,https://www.tauschwohnung.com/uploads/housings/186712/medium/eebcfa1fbf10ea34c80c6fe59ee59a04f95c6a7d.jpg,
189659,460 €,60 m²,2,750€,65m²,3,https://www.tauschwohnung.com/uploads/housings/189659/medium/42104aa7496558668f92aac11e3842ca8e2af0a4.jpg,
114745,1250 €,90 m²,3,1.000€,50m²,2,https://www.tauschwohnung.com/uploads/housings/114745/medium/9d5d050735297a6bc436f5c3537992c1d74237a9.jpg,
192825,371 €,57 m²,2,1.600€,75m²,"3,5",https://www.tauschwohnung.com/uploads/housings/192825/medium/b53161e284070f202616f4ab442016672d9769cd.jpg,
191315,850 €,87 m²,"3,5",1.200€,50m²,"1,5",https://www.tauschwohnung.com/uploads/housings/191315/medium/11a3a92ecb6d53b1adcba032f1352e1970638616.jpg,
183700,560 €,54 m²,2,1.300€,50m²,2,https://www.tauschwohnung.com/uploads/housings/183700/medium/440097f5c2101b857bec961ba4ef8eb948e82946.jpg,
183901,482 €,50 m²,2,1.300€,70m²,"2,5",https://www.tauschwohnung.com/uploads/housings/183901/medium/6c2e8c99a00607cfdddcbf08b34f6689bea3631b.jpg,
51020,440 €,57 m²,2,1.000€,75m²,"2,5",https://www.tauschwohnung.com/uploads/housings/51020/medium/96751ff0d66c4f794ef92988a69644714840e046.jpg,
48273,800 €,85 m²,"3,5",2.000€,80m²,3,https://www.tauschwohnung.com/uploads/housings/48273/medium/6e961db2ab6415859516396635d7fbe62fd2a470.jpg,
193274,740 €,51 m²,2,1.400€,75m²,2,https://www.tauschwohnung.com/uploads/housings/193274/medium/c1af1d30ae154193314dc40e0cc255b1d20a648e.png,
195239,836 €,76 m²,3,3.000€,100m²,4,https://www.tauschwohnung.com/uploads/housings/195239/medium/14c89738c11fede33d67e64f3fd41c6ce6948130.jpg,
38600,1239 €,105 m²,3,1.000€,80m²,3,https://www.tauschwohnung.com/uploads/housings/38600/medium/df2859657b608808795d1ac9fc6f9988a7f4774a.jpg,
157375,700 €,60 m²,2,2.500€,90m²,3,https://www.tauschwohnung.com/uploads/housings/157375/medium/ecb6aefac5ef6c82527cb9337b4ae8c74a3efda5.jpg,
169434,1250 €,93 m²,3,500€,25m²,1,https://www.tauschwohnung.com/uploads/housings/169434/medium/0ddad7b150df3a678af524a001022993e5f8f3a8.png,
132335,522 €,42 m²,1,1.500€,60m²,2,https://www.tauschwohnung.com/uploads/housings/132335/medium/0bcc50a85161c395d2acd4904b14c08849ec8c16.jpg,
19181,645 €,61 m²,2,1.500€,80m²,3,https://www.tauschwohnung.com/uploads/housings/19181/medium/044257bc7558fed0cc690874e33b3dee62d33156.jpg,
36425,790 €,105 m²,"3,5",560€,45m²,"1,5",https://www.tauschwohnung.com/uploads/housings/36425/medium/a8876de6f3a5c906f8449d2dd61bfbbbb31b3734.jpg,
52440,750 €,85 m²,3,2.500€,100m²,"3,5",https://www.tauschwohnung.com/uploads/housings/52440/medium/cd1a613bdd0ff8a10ff1b1f217b3042e4127876d.jpg,
165016,450 €,73 m²,2,800€,60m²,"2,5",https://www.tauschwohnung.com/uploads/housings/165016/medium/0ca363b3765bbe371c607a5565812bebabc16997.jpg,
198512,1000 €,45 m²,2,2.500€,74m²,"2,5",https://www.tauschwohnung.com/uploads/housings/198512/medium/7f0603c9b29e4a374450babce0ad88f599869a1f.jpg,
170782,855 €,92 m²,3,600€,35m²,"1,5",https://www.tauschwohnung.com/uploads/housings/170782/medium/c26d47fdd248c058437642db94ef35e3c6ceba83.jpg,
149710,420 €,70 m²,3,1.000€,80m²,"4,5",https://www.tauschwohnung.com/uploads/housings/149710/medium/78c4ad4bf0612cd4578f1247f7549614fc951121.jpg,
200588,470 €,59 m²,2,1.000€,50m²,3,https://www.tauschwohnung.com/uploads/housings/200588/medium/606f23a686909c79bc834c57a3183f2026dd1295.png,
71225,640 €,55 m²,2,2.000€,90m²,3,https://www.tauschwohnung.com/uploads/housings/71225/medium/7838c29cc953701fb02212cefe04c29ab9763382.jpg,
91372,1230 €,94 m²,4,1.400€,78m²,"2,5",https://www.tauschwohnung.com/uploads/housings/91372/medium/5e123bd2e23b86488968ad61d4869fa161d053c9.jpg,
69159,640 €,98 m²,3,900€,85m²,3,https://www.tauschwohnung.com/uploads/housings/69159/medium/358f6de844660a8d908edcfe2ba9d967139ed239.jpg,
143891,537 €,55 m²,2,560€,50m²,"1,5",https://www.tauschwohnung.com/uploads/housings/143891/medium/dc94abe3f54b2898e9f81b81762af27eef86523a.jpg,
8481,500 €,70 m²,2,800€,70m²,"2,5",https://www.tauschwohnung.com/uploads/housings/8481/medium/a2da6db9a961054faa29e6a1da75789932fba011.jpeg,
201707,650 €,60 m²,2,1.400€,75m²,4,https://www.tauschwohnung.com/uploads/housings/201707/medium/33334a8cdfa363a4532240207925094e5ba7d2ec.jpg,
165728,850 €,64 m²,2,900€,40m²,1,https://www.tauschwohnung.com/uploads/housings/165728/medium/676a0c94ebb1aca69c8594f5665d811b0a1e487f.jpg,befristet bis 31.12.2029
97335,1200 €,85 m²,3,1.000€,50m²,2,https://www.tauschwohnung.com/uploads/housings/97335/medium/ba55e1a5436a4f546f1d3becc107f8528964802b.jpg,
193547,1200 €,82 m²,3,1.500€,80m²,3,https://www.tauschwohnung.com/uploads/housings/193547/medium/93028c019c4b97282828e45ad4b80ff31dc4f4be.jpg,
197585,830 €,87 m²,3,1.500€,100m²,4,https://www.tauschwohnung.com/uploads/housings/197585/medium/c66b3d320f40acdaccdff98b11988cb25df02e97.jpg,
179544,590 €,78 m²,3,2.000€,100m²,3,https://www.tauschwohnung.com/uploads/housings/179544/medium/b7ac949f682a40cab347595abed2b9ca88ff5090.jpg,
172428,310 €,49 m²,1,600€,37m²,1,https://www.tauschwohnung.com/uploads/housings/172428/medium/414e93c486dd235ac178a5c97e11982d61608150.jpg,
166137,650 €,52 m²,2,1.800€,75m²,3,https://www.tauschwohnung.com/uploads/housings/166137/medium/ad3d8d362e5905d49d4e0af01e8fd2cebebc0943.jpg,
136509,800 €,54 m²,3,1.800€,80m²,3,https://www.tauschwohnung.com/uploads/housings/136509/medium/e2590464696ca7993db35eba1b08b2a68a3044e0.jpg,
55116,530 €,58 m²,"2,5",1.600€,85m²,3,https://www.tauschwohnung.com/uploads/housings/55116/medium/f7ccbcc4e9494bc9b416b1f79a870df06c65a982.jpg,
143207,755 €,86 m²,2,1.100€,85m²,"2,5",https://www.tauschwohnung.com/uploads/housings/143207/medium/bc93ebc8c1554ba438a5ac3f2c6cd1cbe764f99c.jpg,
190787,1775 €,110 m²,2,600€,45m²,"1,5",https://www.tauschwohnung.com/uploads/housings/190787/medium/bcf5bca424f7c9e79461b2d086a4d65f23a2a25a.jpg,
172506,480 €,73 m²,2,800€,60m²,2,https://www.tauschwohnung.com/uploads/housings/172506/medium/1cf8cff7d5814b5f63d33316f47ab3bc4bcde48d.jpg,
177371,595 €,59 m²,2,1.200€,65m²,3,https://www.tauschwohnung.com/uploads/housings/177371/medium/af962d248d896a6337be42e05de2397b6b36d09a.jpg,
186214,395 €,70 m²,3,525€,68m²,4,https://www.tauschwohnung.com/uploads/housings/186214/medium/1556efe79e28dd89e9469126e5092bdaf46168f3.jpg,
175960,350 €,50 m²,2,600€,50m²,"2,5",https://www.tauschwohnung.com/uploads/housings/175960/medium/0da5371740786654ccf3d93b14240a2922c3d9aa.jpg,
197673,500 €,50 m²,2,1.300€,50m²,"2,5",https://www.tauschwohnung.com/uploads/housings/197673/medium/0d21fd21ed0ffaf33a34be4f277c18ab8ceb9fbe.jpg,
158957,1228 €,95 m²,4,2.000€,70m²,"2,5",https://www.tauschwohnung.com/uploads/housings/158957/medium/1eed45085cce5aa7cc1c6f46185dccf73fd8a213.jpg,
189014,624 €,74 m²,3,900€,90m²,4,https://www.tauschwohnung.com/uploads/housings/189014/medium/7354d2cf9b689239619e9d6a58d05c43b8bc4aa1.jpg,
104113,513 €,84 m²,"3,5",1.600€,80m²,4,https://www.tauschwohnung.com/uploads/housings/104113/medium/343de141b7c47e06b723ead7f6d9c4697b3b2e9e.jpg,
35072,740 €,100 m²,3,2.200€,110m²,4,https://www.tauschwohnung.com/uploads/housings/35072/medium/b7355550c0f3aefb49eab70c628a22c39bb2a4f5.jpg,
148130,741 €,94 m²,4,1.000€,70m²,3,https://www.tauschwohnung.com/uploads/housings/148130/medium/100b7804f5a7847478e59c7be58f5cc085641c1d.jpg,
101092,600 €,74 m²,3,1.500€,100m²,4,https://www.tauschwohnung.com/uploads/housings/101092/medium/b298533c1621b90d30acc846a36342814a1a34e8.jpg,
185681,800 €,70 m²,2,700€,40m²,1,https://www.tauschwohnung.com/uploads/housings/185681/medium/1ae092f29d0273dfe0feb8b6013bc790871266e3.jpg,
174575,800 €,86 m²,3,900€,85m²,4,https://www.tauschwohnung.com/uploads/housings/174575/medium/f505d4f1d23ecb6128cfe39a50b72f384a59c497.jpg,
154467,490 €,65 m²,"2,5",500€,30m²,1,https://www.tauschwohnung.com/uploads/housings/154467/medium/82a895a39e801d9612d333ac4fb69982b9078cde.jpg,
45766,1273 €,134 m²,"4,5",700€,70m²,"2,5",https://www.tauschwohnung.com/uploads/housings/45766/medium/d9b97b38ab9bbe59a85a21f0449141f86ab9adae.jpg,
202367,900 €,75 m²,2,1.450€,75m²,3,https://www.tauschwohnung.com/uploads/housings/202367/medium/f960fca3cd0fa471d01395e11233dec4ff3216d0.jpg,
65445,900 €,72 m²,3,1.300€,75m²,3,https://www.tauschwohnung.com/uploads/housings/65445/medium/e138635d3aa0c7ba3cb6f1d44d6e21aaab28fdc1.jpg,
53837,1850 €,118 m²,"2,5",1.400€,40m²,1,https://www.tauschwohnung.com/uploads/housings/53837/medium/5eb4cce04886513ed448a027ae22205e3a392ca4.jpg,
65989,845 €,77 m²,2,1.600€,90m²,3,https://www.tauschwohnung.com/uploads/housings/65989/medium/28e795d31c0c4ccaffe8f8baea6dc43f14ba7bd4.jpg,
117590,460 €,62 m²,2,1.200€,70m²,2,https://www.tauschwohnung.com/uploads/housings/117590/medium/97676a3bd746c87241d378e851c8754c8f96cd85.png,
198289,950 €,107 m²,3,1.500€,70m²,1,https://www.tauschwohnung.com/uploads/housings/198289/medium/9e20519be1e7336913b98021f49a9f9a0ce134bf.jpg,
68606,1025 €,108 m²,3,2.000€,110m²,4,https://www.tauschwohnung.com/uploads/housings/68606/medium/87ba39d57a9191cc6679c0ee3ff4e7d1fed1cf61.jpg,
181310,1000 €,110 m²,4,1.700€,110m²,4,https://www.tauschwohnung.com/uploads/housings/181310/medium/c6167f132001b55bb80815bf969d13f2b697abf2.jpg,
168041,890 €,80 m²,3,900€,45m²,"1,5",https://www.tauschwohnung.com/uploads/housings/168041/medium/fddb54a5afcab443630e386f9b6ddcfd2a629e95.jpg,
96726,851 €,72 m²,3,600€,40m²,2,https://www.tauschwohnung.com/uploads/housings/96726/medium/a149db367015035b3617413e6324dcd75373ee11.jpg,
129576,825 €,70 m²,2,700€,50m²,2,https://www.tauschwohnung.com/uploads/housings/129576/medium/0755f89d32dd7bc3ac8760f4d8402c9a12bc8016.jpg,
198813,700 €,54 m²,2,850€,38m²,2,https://www.tauschwohnung.com/uploads/housings/198813/medium/dcff22cfb4cd516d47da4cd2de1fb43cd8e1875a.jpg,
140127,522 €,71 m²,3,550€,1m²,1,https://www.tauschwohnung.com/uploads/housings/140127/medium/c8303a600f9b24e1ebe6d761263c94bd75b199ca.jpg,
45651,420 €,58 m²,2,1.200€,80m²,3,https://www.tauschwohnung.com/uploads/housings/45651/medium/daeab28c66c90c1c4ee82b9462175ea487bf81bf.jpg,
118000,521 €,81 m²,3,1.000€,85m²,4,https://www.tauschwohnung.com/uploads/housings/118000/medium/6e3ee34824a3561ad48feca4dc66115392083a63.jpg,
108192,530 €,55 m²,2,1.000€,60m²,"2,5",https://www.tauschwohnung.com/uploads/housings/108192/medium/05c24db0fff32e62c855f5241a4635bebad5094e.jpg,
174170,400 €,61 m²,2,500€,20m²,"1,5",https://www.tauschwohnung.com/uploads/housings/174170/medium/99aa0e87d34b9054fa53ab149c33cd09a26cdfb7.jpg,
167602,1200 €,75 m²,3,1.200€,50m²,2,https://www.tauschwohnung.com/uploads/housings/167602/medium/f77c4a9cc422666569d1c0cb0fda7ea7ce37c282.jpg,
168805,570 €,47 m²,"1,5",1.100€,60m²,2,https://www.tauschwohnung.com/uploads/housings/168805/medium/bc0a0fb80bf525ace3ed49d3566a49f60d9423c8.jpg,
151140,700 €,72 m²,2,1.100€,100m²,4,https://www.tauschwohnung.com/uploads/housings/151140/medium/5ddbeaee45f53272d30b20491e5af2fc5a656ef8.jpg,
157371,715 €,72 m²,2,1.500€,80m²,4,https://www.tauschwohnung.com/uploads/housings/157371/medium/9bb0602e6188c4f3487d92a72ee61bb24d437c78.jpg,
116532,504 €,67 m²,2,900€,65m²,3,https://www.tauschwohnung.com/uploads/housings/116532/medium/0f2a235f62399da5387cbc015415007b4df508d4.jpg,
154765,1300 €,140 m²,4,2.000€,100m²,4,https://www.tauschwohnung.com/uploads/housings/154765/medium/bd28620d84aa47a08db1c90150a22981287d7e94.jpg,
166332,650 €,70 m²,2,1.400€,60m²,3,https://www.tauschwohnung.com/uploads/housings/166332/medium/e03382bad5a95a76ec237af1e8125c80568457ae.png,
